id;card_id;name;type;element;sub_type;level;attack;health;rarity;description;image_path;expansion;card_number;skills;passive_skill;created_at;updated_at;spektra_cost;duplicate_group;effect_type;effect_value;effect_value_2;effect_target;;
1;fire-witch-trainee;Witch Trainee;avatar;fire;kujana;1;2;6;Common;Avatar - Kujana Witch;/attached_assets/card_images/GENESIS/fire/avatars/Red Elemental Avatar for Apps_Ava - Witch Trainee.webp;Fire and Water;GEN-001;"[{""id"":""doomflare"",""name"":""Doomflare"",""damage"":2,""conditions"":[{""type"":""opponent_tribe"",""value"":[""borah"",""kobar""],""effect"":{""type"":""damage_modification"",""value"":3}}],""description"":""This attack damage become 3 if the opponent is Borah or Kobar type Avatar"",""spektraCost"":[""fire"",""fire""]}]";;"""2026-01-09T06:52:51.395Z""";"""2026-02-17T13:47:56.256Z""";;GEN-001;;;;;;
2;fire-shaman-kujana;Shaman;avatar;fire;kujana;1;1;6;Common;Avatar - Kujana Witch;/attached_assets/card_images/GENESIS/fire/avatars/Red Elemental Avatar for Apps_Ava - Shaman B.webp;Fire and Water;GEN-002;"[{""id"":""spread-flame"",""name"":""Spread Flame"",""damage"":1,""target"":""opponent_active_and_all_reserve"",""conditions"":[],""description"":""Deal 1 damage to opponent active avatar and 1 damage to each opponent reserve avatar."",""spektraCost"":[""fire"",""fire""]}]";;"""2026-01-09T06:52:53.610Z""";"""2026-02-17T13:47:56.301Z""";;GEN-005;;;;;;
3;fire-repo-girl;Repo Girl;avatar;fire;kujana;1;2;5;Common;Avatar - Kujana Human;/attached_assets/card_images/GENESIS/fire/avatars/Red Elemental Avatar for Apps_Ava - Repo Girl.webp;Fire and Water;GEN-003;"[{""id"":""kick"",""name"":""Kick"",""damage"":2,""conditions"":[],""description"":""Basic attack"",""spektraCost"":[""fire""]}]";;"""2026-01-09T06:52:53.662Z""";"""2026-02-17T13:47:56.352Z""";;GEN-003;;;;;;
4;fire-thug;Thug;avatar;fire;kuhaka;1;1;5;Common;Avatar - Kuhaka Human;/attached_assets/card_images/GENESIS/fire/avatars/Red Elemental Avatar for Apps_Ava - Thug A.webp;Fire and Water;GEN-004;"[{""id"":""kick"",""name"":""Kick"",""damage"":1,""conditions"":[],""description"":""Basic attack"",""spektraCost"":[""neutral""]}]";;"""2026-01-09T06:52:53.711Z""";"""2026-02-17T13:47:56.393Z""";;GEN-004;;;;;;
5;fire-shaman-kuhaka;Shaman;avatar;fire;kuhaka;1;3;6;Common;Avatar - Kuhaka Witch;/attached_assets/card_images/GENESIS/fire/avatars/Red Elemental Avatar for Apps_Ava - Shaman A.webp;Fire and Water;GEN-005;"[{""id"":""concentrated-flame"",""name"":""Concentrated Flame"",""damage"":3,""conditions"":[],""description"":""Direct flame attack"",""spektraCost"":[""fire"",""fire""]}]";;"""2026-01-09T06:52:53.759Z""";"""2026-02-17T13:47:56.439Z""";;GEN-005;;;;;;
6;fire-goldie;Goldie;avatar;fire;kuhaka;1;1;8;Common;Avatar - Kuhaka Human;/attached_assets/card_images/GENESIS/fire/avatars/Red Elemental Avatar for Apps_Ava - Goldie.webp;Fire and Water;GEN-006;"[{""id"":""body-slam"",""name"":""Body Slam"",""damage"":1,""conditions"":[],""description"":""Physical attack"",""spektraCost"":[""fire""]}]";;"""2026-01-09T06:52:53.804Z""";"""2026-02-17T13:47:56.480Z""";;GEN-006;;;;;;
7;fire-kobar-trainee-a;Kobar Trainee A;avatar;fire;kobar;1;4;6;Common;Avatar - Kobar Fighter;/attached_assets/card_images/GENESIS/fire/avatars/Red Elemental Avatar for Apps_Ava - Kobar Trainee A.webp;Fire and Water;GEN-007;"[{""id"":""reckless-fire"",""name"":""Reckless Fire"",""damage"":4,""conditions"":[{""type"":""self_damage"",""value"":1,""effect"":{""type"":""damage_self"",""value"":1}}],""description"":""Deal 1 damage to self after attack."",""spektraCost"":[""fire"",""fire""]}]";;"""2026-01-09T06:52:53.851Z""";"""2026-02-17T13:47:56.526Z""";;GEN-007;;;;;;
8;fire-kobar-trainee-b;Kobar Trainee B;avatar;fire;kobar;1;2;5;Common;Avatar - Kobar Fighter;/attached_assets/card_images/GENESIS/fire/avatars/Red Elemental Avatar for Apps_Ava - Kobar Trainee B.webp;Fire and Water;GEN-008;"[{""id"":""ash-flick"",""name"":""Ash Flick"",""damage"":2,""conditions"":[],""description"":""Basic fire attack"",""spektraCost"":[""fire""]}]";;"""2026-01-09T06:52:53.898Z""";"""2026-02-17T13:47:56.567Z""";;GEN-008;;;;;;
9;fire-kobar-trainee-c;Kobar Trainee C;avatar;fire;kobar;1;2;5;Common;Avatar - Kobar Fighter;/attached_assets/card_images/GENESIS/fire/avatars/Red Elemental Avatar for Apps_Ava - Kobar Trainee C.webp;Fire and Water;GEN-009;"[{""id"":""wildbone-blade"",""name"":""Wildbone Blade"",""damage"":2,""conditions"":[{""type"":""opponent_element"",""value"":[""air""],""effect"":{""type"":""damage_modification"",""value"":3}}],""description"":""This attack damage become 3 if the opponent is Air Element Avatar"",""spektraCost"":[""fire"",""fire""]}]";;"""2026-01-09T06:52:53.946Z""";"""2026-02-17T13:47:56.613Z""";;GEN-009;;;;;;
10;fire-borah-trainee-a;Borah Trainee A;avatar;fire;borah;1;1;5;Common;Avatar - Borah Fighter;/attached_assets/card_images/GENESIS/fire/avatars/Red Elemental Avatar for Apps_Ava - Borah Trainee A.webp;Fire and Water;GEN-010;"[{""id"":""kick"",""name"":""Kick"",""damage"":1,""conditions"":[],""description"":""Basic attack"",""spektraCost"":[""neutral""]}]";;"""2026-01-09T06:52:53.993Z""";"""2026-02-17T13:47:56.655Z""";;GEN-010;;;;;;
11;fire-borah-trainee-b;Borah Trainee B;avatar;fire;borah;1;1;5;Common;Avatar - Borah Fighter;/attached_assets/card_images/GENESIS/fire/avatars/Red Elemental Avatar for Apps_Ava - Borah Trainee B.webp;Fire and Water;GEN-011;"[{""id"":""burning-step"",""name"":""Burning Step"",""damage"":1,""target"":""opponent_active_and_all_reserve"",""conditions"":[],""description"":""Deal 1 damage to opponent active avatar and 1 damage to each opponent reserve avatar."",""spektraCost"":[""fire"",""neutral""]}]";;"""2026-01-09T06:52:54.041Z""";"""2026-02-17T13:47:56.701Z""";;GEN-011;;;;;;
12;fire-borah-trainee-c;Borah Trainee C;avatar;fire;borah;1;2;6;Common;Avatar - Borah Fighter;/attached_assets/card_images/GENESIS/fire/avatars/Red Elemental Avatar for Apps_Ava - Borah Trainee C.webp;Fire and Water;GEN-012;"[{""id"":""ash-flick"",""name"":""Ash Flick"",""damage"":2,""conditions"":[],""description"":""Basic fire attack"",""spektraCost"":[""fire""]}]";;"""2026-01-09T06:52:54.085Z""";"""2026-02-17T13:47:56.743Z""";;GEN-012;;;;;;
13;fire-radja;Radja;avatar;fire;kobar;2;5;17;Rare;Avatar - Kobar Fighter;/attached_assets/card_images/GENESIS/fire/avatars/Red Elemental Avatar for Apps_Ava - Radja.webp;Fire and Water;GEN-013;"[{""id"":""pyro-punch"",""name"":""Pyro Punch"",""damage"":5,""conditions"":[],""description"":""Powerful fire punch"",""spektraCost"":[""fire"",""neutral""]},{""id"":""burning-body"",""name"":""Burning Body"",""damage"":9,""conditions"":[{""type"":""opponent_element"",""value"":[""air""],""effect"":{""type"":""damage_modification"",""value"":13}}],""description"":""This attack damage become 13 if the opponent is Air Element Avatar"",""spektraCost"":[""fire"",""fire"",""neutral"",""neutral""]}]";;"""2026-01-09T06:52:54.132Z""";"""2026-02-17T13:47:56.788Z""";;GEN-013;;;;;;
14;fire-radja-super-rare;Radja;avatar;fire;kobar;2;5;17;Super Rare;Avatar - Kobar Fighter (Rare Variant);"/attached_assets/card_images/GENESIS/fire/avatars/Red Elemental Avatar for Apps_Ava - Radja, Rare.webp";Fire and Water;GEN-014;"[{""id"":""pyro-punch"",""name"":""Pyro Punch"",""damage"":5,""conditions"":[],""description"":""Powerful fire punch"",""spektraCost"":[""fire"",""neutral""]},{""id"":""burning-body"",""name"":""Burning Body"",""damage"":9,""conditions"":[{""type"":""opponent_element"",""value"":[""air""],""effect"":{""type"":""damage_modification"",""value"":13}}],""description"":""This attack damage become 13 if the opponent is Air Element Avatar"",""spektraCost"":[""fire"",""fire"",""neutral"",""neutral""]}]";;"""2026-01-09T06:52:54.177Z""";"""2026-02-17T13:47:56.830Z""";;GEN-013;;;;;;
15;fire-mera;Mera;avatar;fire;kobar;2;3;13;Rare;Avatar - Kobar Fighter;/attached_assets/card_images/GENESIS/fire/avatars/Red Elemental Avatar for Apps_Ava - Mera.webp;Fire and Water;GEN-015;"[{""id"":""klaw"",""name"":""Klaw"",""damage"":3,""conditions"":[],""description"":""Sharp claw attack"",""spektraCost"":[""fire"",""neutral""]},{""id"":""revenge-fire"",""name"":""Revenge Fire"",""damage"":8,""conditions"":[{""type"":""opponent_tribe"",""value"":[""kuhaka"",""kujana""],""effect"":{""type"":""damage_modification"",""value"":13}}],""description"":""This attack damage become 13 if the opponent is Kuhaka or Kujana type Avatar"",""spektraCost"":[""fire"",""fire"",""fire""]}]";;"""2026-01-09T06:52:54.223Z""";"""2026-02-17T13:47:56.876Z""";;GEN-015;;;;;;
16;fire-crimson;Crimson;avatar;fire;kobar;2;18;15;Rare;Avatar - Kobar Fighter;/attached_assets/card_images/GENESIS/fire/avatars/Red Elemental Avatar for Apps_Ava - Crimson.webp;Fire and Water;GEN-016;"[{""id"":""ember"",""name"":""Ember"",""damage"":3,""conditions"":[],""description"":""Basic fire attack"",""spektraCost"":[""fire""]},{""id"":""infernal-crush"",""name"":""Infernal Crush"",""damage"":18,""conditions"":[{""type"":""self_damage"",""value"":4,""effect"":{""type"":""damage_self"",""value"":4}}],""description"":""Deal 4 damage to this Avatar after using this skill"",""spektraCost"":[""fire"",""fire"",""neutral"",""neutral"",""neutral""]}]";;"""2026-01-09T06:52:54.271Z""";"""2026-02-17T13:47:56.917Z""";;GEN-016;;;;;;
17;fire-dara;Dara;avatar;fire;borah;2;3;12;Rare;Avatar - Borah Fighter;/attached_assets/card_images/GENESIS/fire/avatars/Red Elemental Avatar for Apps_Ava - Dara.webp;Fire and Water;GEN-017;"[{""id"":""klaw"",""name"":""Klaw"",""damage"":3,""conditions"":[],""description"":""Sharp claw attack"",""spektraCost"":[""neutral""]},{""id"":""annihilation"",""name"":""Annihilation"",""damage"":15,""conditions"":[{""type"":""opponent_tribe"",""value"":[""kuhaka"",""kujana""],""effect"":{""type"":""damage_modification"",""value"":20}}],""description"":""This attack damage become 20 if the opponent is Kuhaka or Kujana type Avatar"",""spektraCost"":[""fire"",""fire"",""fire"",""fire"",""neutral""]}]";;"""2026-01-09T06:52:54.340Z""";"""2026-02-17T13:47:56.963Z""";;GEN-017;;;;;;
18;fire-daisy;Daisy;avatar;fire;borah;2;6;16;Rare;Avatar - Borah Fighter;/attached_assets/card_images/GENESIS/fire/avatars/Red Elemental Avatar for Apps_Ava - Daisy.webp;Fire and Water;GEN-018;"[{""id"":""spit-fire"",""name"":""Spit Fire"",""damage"":6,""conditions"":[],""description"":""Fire projectile attack"",""spektraCost"":[""fire"",""neutral""]},{""id"":""spread-burning"",""name"":""Spread Burning"",""damage"":10,""target"":""opponent_active_and_all_reserve"",""conditions"":[],""description"":""Deal 10 damage to opponent active avatar and 2 damage to each opponent reserve avatar."",""spektraCost"":[""fire"",""neutral"",""neutral"",""neutral""]}]";;"""2026-01-09T06:52:54.386Z""";"""2026-02-17T13:47:57.005Z""";;GEN-018;;;;;;
19;fire-daisy-mythic;Daisy;avatar;fire;borah;2;6;16;Mythic;Avatar - Borah Fighter;"/attached_assets/card_images/GENESIS/fire/avatars/Red Elemental Avatar for Apps_Ava - Daisy, Super Rare.webp";Fire and Water;GEN-019;"[{""id"":""spit-fire"",""name"":""Spit Fire"",""damage"":6,""conditions"":[],""description"":""Fire projectile attack"",""spektraCost"":[""fire"",""neutral""]},{""id"":""spread-burning"",""name"":""Spread Burning"",""damage"":10,""target"":""opponent_active_and_all_reserve"",""conditions"":[],""description"":""Deal 10 damage to opponent active avatar and 2 damage to each opponent reserve avatar."",""spektraCost"":[""fire"",""neutral"",""neutral"",""neutral""]}]";;"""2026-01-09T06:52:54.435Z""";"""2026-02-17T13:47:57.052Z""";;GEN-018;;;;;;
20;fire-scarlet;Scarlet;avatar;fire;borah;2;4;14;Rare;Avatar - Borah Fighter;/attached_assets/card_images/GENESIS/fire/avatars/Red Elemental Avatar for Apps_Ava - Scarlet.webp;Fire and Water;GEN-020;"[{""id"":""mini-dagger"",""name"":""Mini Dagger"",""damage"":4,""conditions"":[],""description"":""Quick dagger strike"",""spektraCost"":[""fire"",""neutral""]},{""id"":""infernal-arrow"",""name"":""Infernal Arrow"",""damage"":15,""conditions"":[{""type"":""self_damage"",""value"":3,""effect"":{""type"":""damage_self"",""value"":3}}],""description"":""Deal 3 damage to this Avatar after using this skill"",""spektraCost"":[""fire"",""fire"",""fire"",""neutral""]}]";;"""2026-01-09T06:52:54.481Z""";"""2026-02-17T13:47:57.094Z""";;GEN-020;;;;;;
21;fire-blood-eater;Blood Eater;avatar;fire;kujana;2;2;16;Rare;Avatar - Kujana Witch;/attached_assets/card_images/GENESIS/fire/avatars/Red Elemental Avatar for Apps_Ava - Blood Eater.webp;Fire and Water;GEN-021;"[{""id"":""whirl-kick"",""name"":""Whirl Kick"",""damage"":2,""target"":""opponent_active_and_all_reserve"",""conditions"":[],""description"":""Deal 2 damage to opponent active avatar and 1 damage to each opponent reserve avatar."",""spektraCost"":[""fire"",""neutral""]},{""id"":""rushing-kick"",""name"":""Rushing Kick"",""damage"":12,""conditions"":[{""type"":""opponent_tribe"",""value"":[""borah"",""kobar""],""effect"":{""type"":""damage_modification"",""value"":15}}],""description"":""This attack damage become 15 if the opponent is Borah or Kobar type Avatar"",""spektraCost"":[""fire"",""fire"",""fire"",""fire""]}]";;"""2026-01-09T06:52:54.527Z""";"""2026-02-17T13:47:57.141Z""";;GEN-021;;;;;;
22;fire-blood-eater-rare;Blood Eater;avatar;fire;kujana;2;2;16;Super Rare;Avatar - Kujana Witch (Rare Variant);"/attached_assets/card_images/GENESIS/fire/avatars/Red Elemental Avatar for Apps_Ava - Blood Eater, Rare.webp";Fire and Water;GEN-022;"[{""id"":""whirl-kick"",""name"":""Whirl Kick"",""damage"":2,""target"":""opponent_active_and_all_reserve"",""conditions"":[],""description"":""Deal 2 damage to opponent active avatar and 1 damage to each opponent reserve avatar."",""spektraCost"":[""fire"",""neutral""]},{""id"":""rushing-kick"",""name"":""Rushing Kick"",""damage"":12,""conditions"":[{""type"":""opponent_tribe"",""value"":[""borah"",""kobar""],""effect"":{""type"":""damage_modification"",""value"":15}}],""description"":""This attack damage become 15 if the opponent is Borah or Kobar type Avatar"",""spektraCost"":[""fire"",""fire"",""fire"",""fire""]}]";;"""2026-01-09T06:52:54.572Z""";"""2026-02-17T13:47:57.182Z""";;GEN-021;;;;;;
23;fire-blood-demon;Blood Demon;avatar;fire;kuhaka;2;13;13;Rare;Avatar - Kuhaka Berserker;/attached_assets/card_images/GENESIS/fire/avatars/Red Elemental Avatar for Apps_Ava - Blood Demon.webp;Fire and Water;GEN-023;"[{""id"":""bloody-klaw"",""name"":""Bloody Klaw"",""damage"":13,""conditions"":[{""type"":""opponent_tribe"",""value"":[""borah"",""kobar""],""effect"":{""type"":""damage_modification"",""value"":20}}],""description"":""This attack damage become 20 if the opponent is Borah or Kobar type Avatar"",""spektraCost"":[""fire"",""fire"",""fire"",""fire"",""neutral""]}]";"{""id"":""berserker-burnout"",""name"":""Berserker Burnout"",""scope"":""active"",""damage"":0,""effect"":""Everytime before your draw phase, deal 1 damage to this Avatar."",""description"":""Everytime before your draw phase, deal 1 damage to this Avatar."",""spektraCost"":[]}";"""2026-01-09T06:52:54.619Z""";"""2026-02-17T13:47:57.228Z""";;GEN-023;;;;;;
24;fire-blood-demon-rare;Blood Demon;avatar;fire;kuhaka;2;13;13;Super Rare;Avatar - Kuhaka Berserker (Rare Variant);"/attached_assets/card_images/GENESIS/fire/avatars/Red Elemental Avatar for Apps_Ava - Blood Demon, Rare.webp";Fire and Water;GEN-024;"[{""id"":""bloody-klaw"",""name"":""Bloody Klaw"",""damage"":13,""conditions"":[{""type"":""opponent_tribe"",""value"":[""borah"",""kobar""],""effect"":{""type"":""damage_modification"",""value"":20}}],""description"":""This attack damage become 20 if the opponent is Borah or Kobar type Avatar"",""spektraCost"":[""fire"",""fire"",""fire"",""fire"",""neutral""]}]";"{""id"":""berserker-burnout"",""name"":""Berserker Burnout"",""scope"":""active"",""damage"":0,""effect"":""Everytime before your draw phase, deal 1 damage to this Avatar."",""description"":""Everytime before your draw phase, deal 1 damage to this Avatar."",""spektraCost"":[]}";"""2026-01-09T06:52:54.664Z""";"""2026-02-17T13:47:57.270Z""";;GEN-023;;;;;;
25;fire-boar-berserker;Boar Berserker;avatar;fire;kuhaka;2;6;20;Rare;Avatar - Kuhaka Berserker;/attached_assets/card_images/GENESIS/fire/avatars/Red Elemental Avatar for Apps_Ava - Boar Berserker.webp;Fire and Water;GEN-025;"[{""id"":""body-slam"",""name"":""Body Slam"",""damage"":6,""conditions"":[{""type"":""self_damage"",""value"":1,""effect"":{""type"":""damage_self"",""value"":1}}],""description"":""Deal 1 damage to this Avatar after using this skill."",""spektraCost"":[""fire"",""fire""]},{""id"":""bloody-klaw"",""name"":""Bloody Klaw"",""damage"":20,""conditions"":[{""type"":""self_damage"",""value"":1,""effect"":{""type"":""damage_self"",""value"":1}}],""description"":""Deal 1 damage to this Avatar after using this skill."",""spektraCost"":[""fire"",""neutral"",""neutral"",""neutral"",""neutral""]}]";;"""2026-01-09T06:52:54.710Z""";"""2026-02-17T13:47:57.317Z""";;GEN-025;;;;;;
26;fire-banaspati;Banaspati;avatar;fire;kuhaka;2;3;17;Rare;Avatar - Kuhaka Pyromancer;/attached_assets/card_images/GENESIS/fire/avatars/Red Elemental Avatar for Apps_Ava - Banaspati.webp;Fire and Water;GEN-026;"[{""id"":""ember"",""name"":""Ember"",""damage"":3,""conditions"":[],""description"":""Basic fire spell"",""spektraCost"":[""fire"",""neutral""]},{""id"":""spread-ember"",""name"":""Spread Ember"",""damage"":13,""target"":""all_opponent_reserve"",""conditions"":[],""description"":""Put 3 damage into all opponent reserve avatars."",""spektraCost"":[""fire"",""fire"",""neutral"",""neutral""]}]";;"""2026-01-09T06:52:54.755Z""";"""2026-02-17T13:47:57.359Z""";;GEN-029;;;;;;
27;fire-boar-witch;Boar Witch;avatar;fire;kujana;2;7;13;Rare;Avatar - Kujana Witch;/attached_assets/card_images/GENESIS/fire/avatars/Red Elemental Avatar for Apps_Ava - Boar Witch.webp;Fire and Water;GEN-027;"[{""id"":""purified-fire"",""name"":""Purified Fire"",""damage"":7,""condition"":""damage_to_self"",""effectType"":""heal"",""description"":""Deal 7 damage. If this avatar has damage counters, heal 2 damage."",""effectValue"":2,""spektraCost"":[""fire"",""fire"",""neutral"",""neutral""],""effectTarget"":""player_active"",""conditionValue"":1}]";"{""id"":""sacred-fire"",""name"":""Sacred Fire"",""scope"":""active_or_reserve"",""damage"":0,""description"":""Your active Fire Element Avatar gets +2 attack damage in their skills."",""spektraCost"":[],""modifierType"":""skill_damage_boost"",""modifierValue"":2,""modifierCondition"":""fire""}";"""2026-01-09T06:52:54.804Z""";"""2026-02-17T13:47:57.405Z""";;GEN-027;;;;;;
28;fire-boar-witch-mythic;Boar Witch;avatar;fire;kujana;2;7;13;Mythic;Avatar - Kujana Witch;"/attached_assets/card_images/GENESIS/fire/avatars/Red Elemental Avatar for Apps_Ava - Boar Witch, Super Rare.webp";Fire and Water;GEN-028;"[{""id"":""purified-fire"",""name"":""Purified Fire"",""damage"":7,""condition"":""damage_to_self"",""effectType"":""heal"",""description"":""Deal 7 damage. If this avatar has damage counters, heal 2 damage."",""effectValue"":2,""spektraCost"":[""fire"",""fire"",""neutral"",""neutral""],""effectTarget"":""player_active"",""conditionValue"":1}]";"{""id"":""sacred-fire"",""name"":""Sacred Fire"",""scope"":""active_or_reserve"",""damage"":0,""description"":""Your active Fire Element Avatar gets +2 attack damage in their skills."",""spektraCost"":[],""modifierType"":""skill_damage_boost"",""modifierValue"":2,""modifierCondition"":""fire""}";"""2026-01-09T06:52:54.848Z""";"""2026-02-17T13:47:57.446Z""";;GEN-027;;;;;;
29;fire-banaspati-female;Banaspati;avatar;fire;kujana;2;3;15;Rare;Avatar - Kujana Pyromancer;/attached_assets/card_images/GENESIS/fire/avatars/Red Elemental Avatar for Apps_Ava - Banaspati Female.webp;Fire and Water;GEN-029;"[{""id"":""ember"",""name"":""Ember"",""damage"":3,""conditions"":[],""description"":""Basic fire spell"",""spektraCost"":[""fire"",""neutral""]},{""id"":""burning-tips"",""name"":""Burning Tips"",""damage"":8,""conditions"":[{""type"":""opponent_element"",""value"":[""air""],""effect"":{""type"":""damage_modification"",""value"":12}}],""description"":""This attack damage become 12 if the opponent is Air Element Avatar"",""spektraCost"":[""fire"",""fire"",""neutral"",""neutral""]}]";;"""2026-01-09T06:52:54.895Z""";"""2026-02-17T13:47:57.493Z""";;GEN-029;;;;;;
30;flame-flicker;Flame Flicker;spell;fire;damage;1;0;0;Common;Deal 2 damage to one enemy Avatar.;/attached_assets/card_images/GENESIS/fire/spells/Red Elemental Spell for Apps_Spell - Flame Flicker.webp;Fire and Water;GEN-030;;;"""2026-01-09T06:52:54.943Z""";"""2026-02-17T13:47:57.534Z""";["fire"];GEN-030;damage;2;;select_opponent_avatar;;
31;heat-resonance;Heat Resonance;spell;fire;damage;1;0;0;Common;Deal 1 damage to opponent active avatar and 1 damage to each opponent reserve avatar.;/attached_assets/card_images/GENESIS/fire/spells/Red Elemental Spell for Apps_Spell - Heat Resonance.webp;Fire and Water;GEN-031;;;"""2026-01-09T06:52:54.993Z""";"""2026-02-17T13:47:57.580Z""";"[""fire"",""neutral""]";GEN-031;damage;1;1;all_opponent_avatars;;
32;inferno-fuel;Inferno Fuel;spell;fire;healing;1;0;0;Common;Heal 2 HP from your active avatar.;/attached_assets/card_images/GENESIS/fire/spells/Red Elemental Spell for Apps_Spell - Inferno Fuel.webp;Fire and Water;GEN-032;;;"""2026-01-09T06:52:55.038Z""";"""2026-02-17T13:47:57.621Z""";"[""fire"",""fire""]";GEN-032;heal;2;;player_active;;
33;searing-flame;Searing Flame;spell;fire;damage;1;0;0;Uncommon;Deal 2 damage to all opponent active and reserve avatars.;/attached_assets/card_images/GENESIS/fire/spells/Red Elemental Spell for Apps_Spell - Searing Flame.webp;Fire and Water;GEN-033;;;"""2026-01-09T06:52:55.083Z""";"""2026-02-17T13:47:57.668Z""";"[""fire"",""fire"",""neutral""]";GEN-033;damage;2;;all_opponent_avatars;;
34;burning-sight;Burning Sight;spell;fire;draw;1;0;0;Uncommon;Draw 2 card from your deck.;/attached_assets/card_images/GENESIS/fire/spells/Red Elemental Spell for Apps_Spell - Burning Sight.webp;Fire and Water;GEN-034;;;"""2026-01-09T06:52:55.128Z""";"""2026-02-17T13:47:57.709Z""";"[""fire"",""fire"",""neutral"",""neutral""]";GEN-034;draw;2;;player;;
35;wild-combustion;Wild Combustion;spell;fire;damage;1;0;0;Super Rare;Deal 5 damage to enemy Active Avatar.;/attached_assets/card_images/GENESIS/fire/spells/Red Elemental Spell for Apps_Spell - Wild Combustion.webp;Fire and Water;GEN-035;;;"""2026-01-09T06:52:55.174Z""";"""2026-02-17T13:47:57.756Z""";"[""fire"",""fire"",""fire"",""neutral""]";GEN-035;damage;5;;opponent_active;;
36;flame-of-devastation;Flame of Devastation;spell;fire;damage;1;0;0;Super Rare;Deal 5 damage into 1 of your opponent avatar.;/attached_assets/card_images/GENESIS/fire/spells/Red Elemental Spell for Apps_Spell - Flame of Devastation.webp;Fire and Water;GEN-036;;;"""2026-01-09T06:52:55.218Z""";"""2026-02-17T13:47:57.798Z""";"[""fire"",""fire"",""fire"",""fire"",""neutral""]";GEN-036;damage;5;;select_opponent_avatar;;
37;ember-spark;Ember Spark;quickSpell;fire;damage;1;0;0;Common;Deal 1 damage to one enemy Avatar.;/attached_assets/card_images/GENESIS/fire/quickspells/Red Elemental Spell for Apps_Quick Spell - Ember Spark.webp;Fire and Water;GEN-037;;;"""2026-01-09T06:52:55.264Z""";"""2026-02-17T13:47:57.844Z""";["fire"];GEN-037;damage;1;;select_opponent_avatar;;
38;volcanic-boost;Volcanic Boost;quickSpell;fire;damage;1;0;0;Common;Deal 1 damage to opponent active avatar and 1 damage to one selected active or reserve avatar.;/attached_assets/card_images/GENESIS/fire/quickspells/Red Elemental Spell for Apps_Quick Spell - Volcanic Boost.webp;Fire and Water;GEN-038;;;"""2026-01-09T06:52:55.308Z""";"""2026-02-17T13:47:57.885Z""";"[""fire"",""neutral""]";GEN-038;damage;1;1;select_opponent_avatar;;
39;spark-shield;Spark Shield;quickSpell;fire;equipment;1;0;0;Uncommon;Target avatar get 1 shield counter.;/attached_assets/card_images/GENESIS/fire/quickspells/Red Elemental Spell for Apps_Quick Spell - Spark Shield.webp;Fire and Water;GEN-039;;;"""2026-01-09T06:52:55.355Z""";"""2026-02-17T13:47:57.931Z""";"[""fire"",""neutral"",""neutral""]";GEN-039;shield;1;;select_player_avatar;;
40;burning-armor;Burning Armor;ritualArmor;fire;equipment;1;0;0;Super Rare;Equipped avatar gain +2 damage in their skills;/attached_assets/card_images/GENESIS/fire/ritualarmor/Red Elemental Spell for Apps_Ritual Armor - Burning Armor.webp;Fire and Water;GEN-040;;;"""2026-01-09T06:52:55.399Z""";"""2026-02-17T13:47:57.973Z""";"[""fire"",""fire"",""fire"",""fire""]";GEN-040;;;;;;
41;boiled-armor;Boiled Armor;ritualArmor;fire;equipment;1;0;0;Super Rare;"Everytime equipped avatar get damage from opponent Avatar, this card deal 2 damage to that card.";/attached_assets/card_images/GENESIS/fire/ritualarmor/Red Elemental Spell for Apps_Ritual Armor - Boiled Armor.webp;Fire and Water;GEN-041;;;"""2026-01-09T06:52:55.446Z""";"""2026-02-17T13:47:58.019Z""";"[""fire"",""fire"",""fire"",""fire"",""neutral""]";GEN-041;;;;;;
42;burning-stage;Burning Stage;field;fire;;1;0;0;Uncommon;Fire element avatars on both sides gain +1 damage in their skills;/attached_assets/card_images/GENESIS/fire/fieldspells/Red Elemental Spell for Apps_Field Spell - Burning Stage.webp;Fire and Water;GEN-042;;;"""2026-01-09T06:52:55.492Z""";"""2026-02-17T13:47:58.061Z""";"[""fire"",""fire"",""fire"",""fire""]";GEN-042;;;;;;
43;hell-stage;Hell Stage;field;fire;;1;0;0;Super Rare;"Non Fire element avatar, get 1 damage everytime its user draw a card.";/attached_assets/card_images/GENESIS/fire/fieldspells/Red Elemental Spell for Apps_Field Spell - Hell Stage.webp;Fire and Water;GEN-043;;;"""2026-01-09T06:52:55.539Z""";"""2026-02-17T13:47:58.108Z""";"[""fire"",""fire"",""neutral"",""neutral""]";GEN-043;;;;;;
44;ashen-battlefield;Ashen Battlefield;field;fire;;1;0;0;Common;"All Fire element avatar, heal 1 damage everytime its user draw a card.";/attached_assets/card_images/GENESIS/fire/fieldspells/Red Elemental Spell for Apps_Field Stage - Ashen Battlefield.webp;Fire and Water;GEN-044;;;"""2026-01-09T06:52:55.583Z""";"""2026-02-17T13:47:58.153Z""";"[""fire"",""neutral""]";GEN-044;;;;;;
45;water-fishmonger;Fishmonger;avatar;water;kujana;1;1;6;Common;Avatar - Kujana Human;/attached_assets/card_images/GENESIS/water/avatars/Blue Elemental Avatar for Apps_Fishmonger.webp;Fire and Water;GEN-045;"[{""id"":""fish-knife"",""name"":""Fish Knife"",""damage"":1,""conditions"":[{""type"":""opponent_tribe"",""value"":[""borah"",""kobar""],""effect"":{""type"":""damage_modification"",""value"":3}}],""description"":""This attack damage become 3 if the opponent is Borah or Kobar type avatar"",""spektraCost"":[""water"",""neutral""]}]";;"""2026-01-09T06:52:55.628Z""";"""2026-02-17T13:47:58.200Z""";;GEN-045;;;;;;
46;water-shaman-kujana;Shaman;avatar;water;kujana;1;1;6;Common;Avatar - Kujana Witch;/attached_assets/card_images/GENESIS/water/avatars/Blue Elemental Avatar for Apps_Shaman B.webp;Fire and Water;GEN-046;"[{""id"":""wild-torrent"",""name"":""Wild Torrent"",""damage"":1,""target"":""opponent_active_and_all_reserve"",""conditions"":[],""description"":""Deal 1 damage to opponent active avatar and 1 damage to each opponent reserve avatar."",""spektraCost"":[""water"",""water""]}]";;"""2026-01-09T06:52:55.673Z""";"""2026-02-17T13:47:58.241Z""";;GEN-046;;;;;;
47;water-gal;Gal;avatar;water;kujana;1;2;5;Common;Avatar - Kujana Human;/attached_assets/card_images/GENESIS/water/avatars/Blue Elemental Avatar for Apps_Gal.webp;Fire and Water;GEN-047;"[{""id"":""slap"",""name"":""Slap"",""damage"":2,""conditions"":[],""description"":""Basic slap attack"",""spektraCost"":[""water""]}]";;"""2026-01-09T06:52:55.719Z""";"""2026-02-17T13:47:58.287Z""";;GEN-047;;;;;;
48;water-fisherman;Fisherman;avatar;water;kuhaka;1;2;8;Uncommon;Avatar - Kuhaka Human;/attached_assets/card_images/GENESIS/water/avatars/Blue Elemental Avatar for Apps_Fisherman.webp;Fire and Water;GEN-048;"[{""id"":""whack"",""name"":""Whack"",""damage"":2,""conditions"":[],""description"":""Physical strike"",""spektraCost"":[""water"",""water""]}]";;"""2026-01-09T06:52:55.763Z""";"""2026-02-17T13:47:58.329Z""";;GEN-048;;;;;;
49;water-rich-thug;Rich Thug;avatar;water;kuhaka;1;1;5;Common;Avatar - Kuhaka Human;/attached_assets/card_images/GENESIS/water/avatars/Blue Elemental Avatar for Apps_Rich Tug.webp;Fire and Water;GEN-049;"[{""id"":""kick"",""name"":""Kick"",""damage"":1,""conditions"":[],""description"":""Basic attack"",""spektraCost"":[""neutral""]}]";;"""2026-01-09T06:52:55.810Z""";"""2026-02-17T13:47:58.376Z""";;GEN-049;;;;;;
50;water-shaman-kuhaka;Shaman;avatar;water;kuhaka;1;3;6;Common;Avatar - Kuhaka Witch;/attached_assets/card_images/GENESIS/water/avatars/Blue Elemental Avatar for Apps_Shaman A.webp;Fire and Water;GEN-050;"[{""id"":""concentrated-water"",""name"":""Concentrated Water"",""damage"":3,""conditions"":[{""type"":""self_damage"",""value"":1,""effect"":{""type"":""damage_self"",""value"":1}}],""description"":""Deal 1 damage into this Avatar"",""spektraCost"":[""water"",""water""]}]";;"""2026-01-09T06:52:55.856Z""";"""2026-02-17T13:47:58.419Z""";;GEN-046;;;;;;
51;water-kobar-trainee-a;Kobar Trainee A;avatar;water;kobar;1;1;6;Common;Avatar - Kobar Fighter;/attached_assets/card_images/GENESIS/water/avatars/Blue Elemental Avatar for Apps_Kobar Trainee A.webp;Fire and Water;GEN-051;"[{""id"":""punch"",""name"":""Punch"",""damage"":1,""conditions"":[],""description"":""Basic attack"",""spektraCost"":[""water""]}]";;"""2026-01-09T06:52:55.902Z""";"""2026-02-17T13:47:58.466Z""";;GEN-051;;;;;;
52;water-kobar-trainee-b;Kobar Trainee B;avatar;water;kobar;1;2;5;Common;Avatar - Kobar Fighter;/attached_assets/card_images/GENESIS/water/avatars/Blue Elemental Avatar for Apps_Kobar Trainee B.webp;Fire and Water;GEN-052;"[{""id"":""kick"",""name"":""Kick"",""damage"":2,""conditions"":[],""description"":""Basic attack"",""spektraCost"":[""water"",""water""]}]";;"""2026-01-09T06:52:55.946Z""";"""2026-02-17T13:47:58.507Z""";;GEN-052;;;;;;
53;water-kobar-trainee-c;Kobar Trainee C;avatar;water;kobar;1;1;5;Common;Avatar - Kobar Fighter;/attached_assets/card_images/GENESIS/water/avatars/Blue Elemental Avatar for Apps_Kobar Trainee C.webp;Fire and Water;GEN-053;"[{""id"":""wildbone-blade"",""name"":""Wildbone Blade"",""damage"":1,""conditions"":[{""type"":""opponent_element"",""value"":[""fire""],""effect"":{""type"":""damage_modification"",""value"":3}}],""description"":""This attack damage become 3 if the opponent is Fire Element Avatar"",""spektraCost"":[""water"",""water""]}]";;"""2026-01-09T06:52:55.992Z""";"""2026-02-17T13:47:58.553Z""";;GEN-053;;;;;;
54;water-borah-trainee-a;Borah Trainee A;avatar;water;borah;1;1;5;Common;Avatar - Borah Fighter;/attached_assets/card_images/GENESIS/water/avatars/Blue Elemental Avatar for Apps_Borah Trainee A.webp;Fire and Water;GEN-054;"[{""id"":""kick"",""name"":""Kick"",""damage"":1,""conditions"":[],""description"":""Basic attack"",""spektraCost"":[""neutral""]}]";;"""2026-01-09T06:52:56.039Z""";"""2026-02-17T13:47:58.593Z""";;GEN-054;;;;;;
55;water-borah-trainee-b;Borah Trainee B;avatar;water;borah;1;1;5;Common;Avatar - Borah Fighter;/attached_assets/card_images/GENESIS/water/avatars/Blue Elemental Avatar for Apps_Borah Trainee B.webp;Fire and Water;GEN-055;"[{""id"":""water-whip"",""name"":""Water Whip"",""damage"":1,""target"":""opponent_active_and_all_reserve"",""conditions"":[],""description"":""Deal 1 damage to opponent active avatar and 1 damage to each opponent reserve avatar."",""spektraCost"":[""water"",""neutral""]}]";;"""2026-01-09T06:52:56.085Z""";"""2026-02-17T13:47:58.639Z""";;GEN-055;;;;;;
56;water-borah-trainee-c;Borah Trainee C;avatar;water;borah;1;2;6;Uncommon;Avatar - Borah Fighter;/attached_assets/card_images/GENESIS/water/avatars/Blue Elemental Avatar for Apps_Borah Trainee C.webp;Fire and Water;GEN-056;"[{""id"":""liquid-dance"",""name"":""Liquid Dance"",""damage"":2,""conditions"":[],""description"":""Flowing water combat technique"",""spektraCost"":[""water""]}]";;"""2026-01-09T06:52:56.131Z""";"""2026-02-17T13:47:58.680Z""";;GEN-056;;;;;;
57;water-alice;Alice;avatar;water;borah;2;14;12;Rare;Avatar - Borah Warrior;/attached_assets/card_images/GENESIS/water/avatars/Blue Elemental Avatar for Apps_Alice.webp;Fire and Water;GEN-057;"[{""id"":""ice-calibur"",""name"":""Ice Calibur"",""damage"":14,""conditions"":[],""description"":""Powerful ice sword strike"",""spektraCost"":[""water"",""neutral"",""neutral"",""neutral"",""neutral""]}]";"{""name"":""Frost Aura"",""scope"":""active_or_reserve"",""damage"":0,""effect"":""Enemy Fire Element Avatars get -2 attack damage in their skills."",""description"":""Enemy Fire Element Avatars get -2 attack damage in their skills."",""spektraCost"":[]}";"""2026-01-09T06:52:56.239Z""";"""2026-02-17T13:47:58.727Z""";;GEN-057;;;;;;
58;water-clear;Clear;avatar;water;borah;2;3;14;Rare;Avatar - Borah Gunner;/attached_assets/card_images/GENESIS/water/avatars/Blue Elemental Avatar for Apps_Clear.webp;Fire and Water;GEN-058;"[{""id"":""shoot"",""name"":""Shoot"",""damage"":3,""conditions"":[],""description"":""Basic ranged attack"",""spektraCost"":[""neutral""]},{""id"":""water-turret"",""name"":""Water Turret"",""damage"":8,""conditions"":[],""description"":""Put 8 damage counter into 1 of opponent Avatar"",""spektraCost"":[""water"",""water"",""water"",""neutral""]}]";;"""2026-01-09T06:52:56.284Z""";"""2026-02-17T13:47:58.768Z""";;GEN-058;;;;;;
59;water-maya;Maya;avatar;water;borah;2;4;16;Rare;Avatar - Borah Mage;/attached_assets/card_images/GENESIS/water/avatars/Blue Elemental Avatar for Apps_Maya.webp;Fire and Water;GEN-059;"[{""id"":""current-staff"",""name"":""Current Staff"",""damage"":4,""conditions"":[],""description"":""Water staff attack"",""spektraCost"":[""water"",""neutral""]},{""id"":""splashing-staff"",""name"":""Splashing Staff"",""damage"":8,""target"":""opponent_active_and_all_reserve"",""conditions"":[],""description"":""Deal 8 damage to opponent active avatar and 4 damage to each opponent reserve avatar."",""spektraCost"":[""water"",""water"",""neutral"",""neutral""]}]";;"""2026-01-09T06:52:56.331Z""";"""2026-02-17T13:47:58.814Z""";;GEN-059;;;;;;
60;water-maya-rare;Maya;avatar;water;borah;2;4;16;Super Rare;Avatar - Borah Mage;"/attached_assets/card_images/GENESIS/water/avatars/Blue Elemental Avatar for Apps_Maya, Rare.webp";Fire and Water;GEN-060;"[{""id"":""current-staff"",""name"":""Current Staff"",""damage"":4,""conditions"":[],""description"":""Water staff attack"",""spektraCost"":[""water"",""neutral""]},{""id"":""splashing-staff"",""name"":""Splashing Staff"",""damage"":8,""target"":""opponent_active_and_all_reserve"",""conditions"":[],""description"":""Deal 8 damage to opponent active avatar and 4 damage to each opponent reserve avatar."",""spektraCost"":[""water"",""water"",""neutral"",""neutral""]}]";;"""2026-01-09T06:52:56.376Z""";"""2026-02-17T13:47:58.857Z""";;GEN-059;;;;;;
61;water-arctic;Arctic;avatar;water;kobar;2;5;15;Rare;Avatar - Kobar Assassin;/attached_assets/card_images/GENESIS/water/avatars/Blue Elemental Avatar for Apps_Arctic.webp;Fire and Water;GEN-061;"[{""id"":""ice-dagger"",""name"":""Ice Dagger"",""damage"":5,""conditions"":[],""description"":""Ice blade attack"",""spektraCost"":[""water"",""neutral""]},{""id"":""ice-blade"",""name"":""Ice Blade"",""damage"":7,""conditions"":[{""type"":""opponent_hp"",""value"":10,""effect"":{""type"":""damage_modification"",""value"":10}}],""description"":""If you opponent active avatar has 10 or lower HP, this attack become 10"",""spektraCost"":[""water"",""neutral"",""neutral""]}]";;"""2026-01-09T06:52:56.424Z""";"""2026-02-17T13:47:58.903Z""";;GEN-061;;;;;;
62;water-langit;Langit;avatar;water;kobar;2;2;13;Rare;Avatar - Kobar Gunner;/attached_assets/card_images/GENESIS/water/avatars/Blue Elemental Avatar for Apps_Langit.webp;Fire and Water;GEN-062;"[{""id"":""water-gun"",""name"":""Water Gun"",""damage"":2,""conditions"":[],""description"":""Water projectile attack"",""spektraCost"":[""neutral""]},{""id"":""water-cannon"",""name"":""Water Cannon"",""damage"":7,""conditions"":[{""type"":""hand_empty"",""value"":true,""effect"":{""type"":""draw_card"",""value"":1}}],""description"":""If you dont have any card in hand, draw a card"",""spektraCost"":[""water"",""water"",""neutral""]}]";;"""2026-01-09T06:52:56.469Z""";"""2026-02-17T13:47:58.944Z""";;GEN-062;;;;;;
63;water-sapphire;Sapphire;avatar;water;kobar;2;3;16;Rare;Avatar - Kobar Dancer;/attached_assets/card_images/GENESIS/water/avatars/Blue Elemental Avatar for Apps_Sapphire.webp;Fire and Water;GEN-063;"[{""id"":""aqua-whip"",""name"":""Aqua Whip"",""damage"":3,""conditions"":[],""description"":""Water whip attack"",""spektraCost"":[""water""]},{""id"":""water-dance"",""name"":""Water Dance"",""damage"":9,""conditions"":[{""type"":""opponent_element"",""value"":[""fire""],""effect"":{""type"":""damage_modification"",""value"":12}}],""description"":""If your opponent active avatar has Fire Element, this attack become 12"",""spektraCost"":[""water"",""neutral"",""neutral""]}]";;"""2026-01-09T06:52:56.516Z""";"""2026-02-17T13:47:58.991Z""";;GEN-063;;;;;;
64;water-sapphire-mythic;Sapphire;avatar;water;kobar;2;3;16;Mythic;Avatar - Kobar Dancer;"/attached_assets/card_images/GENESIS/water/avatars/Blue Elemental Avatar for Apps_Sapphire, Super Rare.webp";Fire and Water;GEN-064;"[{""id"":""aqua-whip"",""name"":""Aqua Whip"",""damage"":3,""conditions"":[],""description"":""Water whip attack"",""spektraCost"":[""water""]},{""id"":""water-dance"",""name"":""Water Dance"",""damage"":9,""conditions"":[{""type"":""opponent_element"",""value"":[""fire""],""effect"":{""type"":""damage_modification"",""value"":12}}],""description"":""If your opponent active avatar has Fire Element, this attack become 12"",""spektraCost"":[""water"",""neutral"",""neutral""]}]";;"""2026-01-09T06:52:56.562Z""";"""2026-02-17T13:47:59.032Z""";;GEN-063;;;;;;
65;water-banyu-ghost-kuhaka;Banyu Ghost;avatar;water;kuhaka;2;7;14;Rare;Avatar - Kuhaka Spirit;/attached_assets/card_images/GENESIS/water/avatars/Blue Elemental Avatar for Apps_Banyu Ghost.webp;Fire and Water;GEN-065;"[{""id"":""bloody-cage"",""name"":""Bloody Cage"",""damage"":7,""conditions"":[{""type"":""self_damage"",""value"":1,""effect"":{""type"":""damage_self"",""value"":1}}],""description"":""Deal 1 damage to this Avatar after using this skill"",""spektraCost"":[""water"",""neutral"",""neutral""]},{""id"":""water-bomb"",""name"":""Water Bomb"",""damage"":9,""conditions"":[{""type"":""draw_cards"",""value"":2,""effect"":{""type"":""draw_cards"",""value"":2}}],""description"":""Draw 2 cards"",""spektraCost"":[""water"",""water"",""water"",""neutral"",""neutral""]}]";;"""2026-01-09T06:52:56.608Z""";"""2026-02-17T13:47:59.078Z""";;GEN-069;;;;;;
66;water-lake-guardian;Lake Guardian;avatar;water;kuhaka;2;3;16;Rare;Avatar - Kuhaka Beast;/attached_assets/card_images/GENESIS/water/avatars/Blue Elemental Avatar for Apps_Lake Guardian.webp;Fire and Water;GEN-066;"[{""id"":""bite"",""name"":""Bite"",""damage"":3,""conditions"":[],""description"":""Vicious bite attack"",""spektraCost"":[""water""]},{""id"":""eternal-slumber"",""name"":""Eternal Slumber"",""damage"":2,""conditions"":[],""description"":""If the target has 5 or below HP, destroy that Avatar."",""spektraCost"":[""water"",""water"",""neutral"",""neutral"",""neutral""]}]";;"""2026-01-09T06:52:56.652Z""";"""2026-02-17T13:47:59.120Z""";;GEN-066;;;;;;
67;water-the-count;The Count;avatar;water;kuhaka;2;9;15;Rare;Avatar - Kuhaka Warrior;/attached_assets/card_images/GENESIS/water/avatars/Blue Elemental Avatar for Apps_The Count.webp;Fire and Water;GEN-067;"[{""id"":""blood-blade"",""name"":""Blood Blade"",""damage"":9,""conditions"":[{""type"":""opponent_tribe"",""value"":[""kobar"",""borah""],""effect"":{""type"":""damage_modification"",""value"":13}}],""description"":""This attack damage become 13 if the opponent is Kobar or Borah type."",""spektraCost"":[""water"",""neutral"",""neutral"",""neutral""]}]";"{""name"":""Chilling Bone Mist"",""scope"":""active"",""damage"":0,""effect"":""Enemy non Kuhaka-Kujana type avatars have -1 attack damage in their skills"",""description"":""Enemy non Kuhaka-Kujana type avatars have -1 attack damage in their skills"",""spektraCost"":[]}";"""2026-01-09T06:52:56.699Z""";"""2026-02-17T13:47:59.167Z""";;GEN-067;;;;;;
68;water-the-count-mythic;The Count;avatar;water;kuhaka;2;9;15;Mythic;Avatar - Kuhaka Warrior;"/attached_assets/card_images/GENESIS/water/avatars/Blue Elemental Avatar for Apps_The Count, Super Rare.webp";Fire and Water;GEN-068;"[{""id"":""blood-blade"",""name"":""Blood Blade"",""damage"":9,""conditions"":[{""type"":""opponent_tribe"",""value"":[""kobar"",""borah""],""effect"":{""type"":""damage_modification"",""value"":13}}],""description"":""This attack damage become 13 if the opponent is Kobar or Borah type."",""spektraCost"":[""water"",""neutral"",""neutral"",""neutral""]}]";"{""name"":""Chilling Bone Mist"",""scope"":""active"",""damage"":0,""effect"":""Enemy non Kuhaka-Kujana type avatars have -1 attack damage in their skills"",""description"":""Enemy non Kuhaka-Kujana type avatars have -1 attack damage in their skills"",""spektraCost"":[]}";"""2026-01-09T06:52:56.743Z""";"""2026-02-17T13:47:59.211Z""";;GEN-067;;;;;;
69;water-banyu-ghost-kujana;Banyu Ghost;avatar;water;kujana;2;1;13;Rare;Avatar - Kujana Spirit;/attached_assets/card_images/GENESIS/water/avatars/Blue Elemental Avatar for Apps_Banyu Ghost Fem.webp;Fire and Water;GEN-069;"[{""id"":""water-string"",""name"":""Water String"",""damage"":1,""conditions"":[{""type"":""opponent_element"",""value"":[""fire""],""effect"":{""type"":""damage_modification"",""value"":4}}],""description"":""If your opponent active avatar were Fire Element, this skill damage become 4"",""spektraCost"":[""water""]},{""id"":""water-splash"",""name"":""Water Splash"",""damage"":5,""target"":""opponent_active_and_all_reserve"",""conditions"":[],""description"":""Deal 5 damage to opponent active avatar and 3 damage to each opponent reserve avatar."",""spektraCost"":[""water"",""water"",""neutral""]}]";;"""2026-01-09T06:52:56.789Z""";"""2026-02-17T13:47:59.258Z""";;GEN-069;;;;;;
70;water-pontia;Pontia;avatar;water;kujana;2;2;12;Rare;Avatar - Kujana Mage;/attached_assets/card_images/GENESIS/water/avatars/Blue Elemental Avatar for Apps_Pontia.webp;Fire and Water;GEN-070;"[{""id"":""chilling-hand"",""name"":""Chilling Hand"",""damage"":2,""conditions"":[],""description"":""Ice-cold touch attack"",""spektraCost"":[""water""]},{""id"":""splashing-staff"",""name"":""Splashing Staff"",""damage"":8,""conditions"":[{""type"":""opponent_tribe"",""value"":[""kobar"",""borah""],""effect"":{""type"":""damage_modification"",""value"":12}}],""description"":""This attack damage become 12 if the opponent is Kobar or Borah type"",""spektraCost"":[""water"",""water"",""neutral"",""neutral""]}]";;"""2026-01-09T06:52:56.834Z""";"""2026-02-17T13:47:59.300Z""";;GEN-070;;;;;;
71;water-whirlpool-demon;Whirlpool Demon;avatar;water;kujana;2;1;14;Rare;Avatar - Kujana Demon;/attached_assets/card_images/GENESIS/water/avatars/Blue Elemental Avatar for Apps_Whirlpool Demon.webp;Fire and Water;GEN-071;"[{""id"":""whirlpool"",""name"":""Whirlpool"",""damage"":1,""conditions"":[],""description"":""Put 3 damage into all opponent reserve avatars."",""spektraCost"":[""water"",""neutral""]},{""id"":""water-torrent"",""name"":""Water Torrent"",""damage"":10,""conditions"":[],""description"":""Put 5 damage counter into 1 of opponent reserve avatar."",""spektraCost"":[""water"",""neutral"",""neutral"",""neutral""]}]";;"""2026-01-09T06:52:56.881Z""";"""2026-02-17T13:47:59.346Z""";;GEN-071;;;;;;
72;water-telang-tea;Telang Tea;spell;water;;1;0;0;Common;;/attached_assets/card_images/GENESIS/water/spells/Blue Elemental Spell for Apps_Spell - Telang Tea.webp;Fire and Water;GEN-072;;;"""2026-01-09T06:52:56.925Z""";"""2026-02-17T13:47:59.387Z""";"[""water"",""water""]";GEN-072;heal;3;;select_player_avatar;;
73;water-ocean-memory;Ocean Memory;spell;water;;1;0;0;Common;;/attached_assets/card_images/GENESIS/water/spells/Blue Elemental Spell for Apps_Spell - Ocean Memory.webp;Fire and Water;GEN-073;;;"""2026-01-09T06:52:56.971Z""";"""2026-02-17T13:47:59.434Z""";["water"];GEN-073;draw_discard;1;1;player;;
74;water-liquid-book;Liquid Book;spell;water;;1;0;0;Common;;/attached_assets/card_images/GENESIS/water/spells/Blue Elemental Spell for Apps_Spell - Liquid Book.webp;Fire and Water;GEN-074;;;"""2026-01-09T06:52:57.015Z""";"""2026-02-17T13:47:59.478Z""";"[""water"",""neutral""]";GEN-074;reveal_choose;2;;player;;
75;water-dew-drop;Dew Drop;spell;water;;1;0;0;Common;;/attached_assets/card_images/GENESIS/water/spells/Blue Elemental Spell for Apps_Spell - Dew Drop.webp;Fire and Water;GEN-075;;;"""2026-01-09T06:52:57.061Z""";"""2026-02-17T13:47:59.526Z""";"[""water"",""water""]";GEN-075;peek_place_draw;1;1;player;;
76;water-healing-current;Healing Current;spell;water;;1;0;0;Uncommon;;/attached_assets/card_images/GENESIS/water/spells/Blue Elemental Spell for Apps_Spell - Healing Current.webp;Fire and Water;GEN-076;;;"""2026-01-09T06:52:57.106Z""";"""2026-02-17T13:47:59.568Z""";"[""water"",""water"",""neutral""]";GEN-076;heal;2;;all_player_water_avatars;;
77;water-deepsea-insight;Deepsea Insight;spell;water;;1;0;0;Uncommon;;/attached_assets/card_images/GENESIS/water/spells/Blue Elemental Spell for Apps_Spell - Deepsea Insight.webp;Fire and Water;GEN-077;;;"""2026-01-09T06:52:57.153Z""";"""2026-02-17T13:47:59.614Z""";["water"];GEN-077;reveal_choose;3;;player;;
78;water-water-current;Water Current;spell;water;;1;0;0;Common;;/attached_assets/card_images/GENESIS/water/spells/Blue Elemental Spell for Apps_Spell - Water Current.webp;Fire and Water;GEN-078;;;"""2026-01-09T06:52:57.197Z""";"""2026-02-17T13:47:59.657Z""";"[""water"",""water"",""water"",""neutral""]";GEN-078;discard_draw;3;;player;;
79;water-glacier-armor;Glacier Armor;ritualArmor;water;;1;0;0;Uncommon;;/attached_assets/card_images/GENESIS/water/ritualarmor/Blue Elemental Spell for Apps_Ritual Armor - Glacier Armor.webp;Fire and Water;GEN-079;;;"""2026-01-09T06:52:57.244Z""";"""2026-02-17T13:47:59.703Z""";"[""water"",""water"",""water"",""water""]";GEN-079;;;;;;
80;water-frozen-body;Frozen Body;ritualArmor;water;;1;0;0;Common;;/attached_assets/card_images/GENESIS/water/ritualarmor/Blue Elemental Spell for Apps_Ritual Armor - Frozen Body.webp;Fire and Water;GEN-080;;;"""2026-01-09T06:52:57.289Z""";"""2026-02-17T13:47:59.746Z""";"[""water"",""water"",""water"",""neutral"",""neutral""]";GEN-080;;;;;;
81;water-relearn;Relearn;quickSpell;water;;1;0;0;Common;;/attached_assets/card_images/GENESIS/water/quickspells/Blue Elemental Spell for Apps_Quick Spell - Relearn.webp;Fire and Water;GEN-081;;;"""2026-01-09T06:52:57.335Z""";"""2026-02-17T13:47:59.792Z""";"[""water"",""neutral"",""neutral""]";GEN-081;draw;2;;player;;
82;water-check;Check;spell;water;;1;0;0;Common;;/attached_assets/card_images/GENESIS/water/spells/Blue Elemental Spell for Apps_Spell - Check.webp;Fire and Water;GEN-082;;;"""2026-01-09T06:52:57.379Z""";"""2026-02-17T13:47:59.833Z""";["water"];GEN-082;peek_place;1;;player;;
83;water-water-shield;Water Shield;quickSpell;water;;1;0;0;Common;;/attached_assets/card_images/GENESIS/water/quickspells/Blue Elemental Spell for Apps_Quick Spell - Water Shield.webp;Fire and Water;GEN-083;;;"""2026-01-09T06:52:57.426Z""";"""2026-02-17T13:47:59.880Z""";"[""water"",""water""]";GEN-083;shield;2;;select_player_avatar;;
84;water-energize;Energize;quickSpell;water;;1;0;0;Common;;/attached_assets/card_images/GENESIS/water/quickspells/Blue Elemental Spell for Apps_Quick Spell - Energize.webp;Fire and Water;GEN-084;;;"""2026-01-09T06:52:57.471Z""";"""2026-02-17T13:47:59.921Z""";"[""water"",""water"",""neutral"",""neutral""]";GEN-084;heal;3;;all_player_avatars;;
85;water-blink;Blink;quickSpell;water;;1;0;0;Common;;/attached_assets/card_images/GENESIS/water/quickspells/Blue Elemental Spell for Apps_Quick Spell - Blink.webp;Fire and Water;GEN-085;;;"""2026-01-09T06:52:57.517Z""";"""2026-02-17T13:47:59.967Z""";"[""water"",""water"",""neutral""]";GEN-085;counter;1;;player;;
86;water-lake-stage;Lake Stage;field;water;;1;0;0;Common;Water element Avatar gain +1 damage in their skills;/attached_assets/card_images/GENESIS/water/fieldspells/Blue Elemental Spell for Apps_Field Spell - Lake Stage.webp;Fire and Water;GEN-086;;;"""2026-01-09T06:52:57.562Z""";"""2026-02-17T13:48:00.009Z""";"[""water"",""water"",""water""]";GEN-086;;;;;;
87;water-glacier-stage;Glacier Stage;field;water;;1;0;0;Common;Fire element Avatar skill get -2 damage in their skills;/attached_assets/card_images/GENESIS/water/fieldspells/Blue Elemental Spell for Apps_Field Spell - Glacier Stage.webp;Fire and Water;GEN-087;;;"""2026-01-09T06:52:57.608Z""";"""2026-02-17T13:48:00.056Z""";"[""water"",""water"",""water"",""neutral"",""neutral""]";GEN-087;;;;;;
88;water-city-river;City River;field;water;;1;0;0;Common;"Everytime Water element Avatar using skill, its user draw 1 card from deck";/attached_assets/card_images/GENESIS/water/fieldspells/Blue Elemental Spell for Apps_Field Spell - City River.webp;Fire and Water;GEN-088;;;"""2026-01-09T06:52:57.653Z""";"""2026-02-17T13:48:00.097Z""";"[""water"",""water"",""neutral"",""neutral""]";GEN-088;;;;;;
89;battle-preparation;Battle Preparation;item;neutral;utility;1;0;0;Uncommon;"Discard all cards in hand, then draw 5 cards from deck.";/attached_assets/card_images/GENESIS/neutral/Non Elemental For Apps_Item - Battle Preps.webp;Fire and Water;GEN-089;;;"""2026-01-09T07:02:09.415Z""";"""2026-02-17T13:48:00.143Z""";[];GEN-089;discard_draw;5;;player;;
90;graveyard-relic;Graveyard Relic;item;neutral;utility;1;0;0;Rare;"Discard 2 card, then choose 1 Avatar card from graveyard and put it into your hand.";/attached_assets/card_images/GENESIS/neutral/Non Elemental For Apps_Item - Graveyard Relic.webp;Fire and Water;GEN-090;;;"""2026-01-09T07:02:09.458Z""";"""2026-02-17T13:48:00.185Z""";[];GEN-090;discard_search;2;;player;;
91;jamu-jahe-merah;Jamu Jahe Merah;item;neutral;healing;1;0;0;Common;"Discard a card, then heal 5 damage from target avatar.";/attached_assets/card_images/GENESIS/neutral/Non Elemental For Apps_Item - Jamu Jahe Merah.webp;Fire and Water;GEN-091;;;"""2026-01-09T07:02:09.505Z""";"""2026-02-17T13:48:00.232Z""";[];GEN-091;discard_heal;1;5;select_player_avatar;;
92;jamu-kencur;Jamu Kencur;item;neutral;healing;1;0;0;Common;Heal 3 damage from target Avatar.;/attached_assets/card_images/GENESIS/neutral/Non Elemental For Apps_Item - Kencur.webp;Fire and Water;GEN-092;;;"""2026-01-09T07:02:09.549Z""";"""2026-02-17T13:48:00.274Z""";[];GEN-092;heal;3;;select_player_avatar;;
93;recruitment-scroll;Recruitment Scroll;item;neutral;utility;1;0;0;Uncommon;"Discard 1 Avatar card, then search the deck for an Avatar card who has same element with the discarded card.";/attached_assets/card_images/GENESIS/neutral/Non Elemental For Apps_Item - Rec Scroll.webp;Fire and Water;GEN-093;;;"""2026-01-09T07:02:09.596Z""";"""2026-02-17T13:48:00.321Z""";[];GEN-093;discard_search;1;;player;;
94;prize;Prize;spell;neutral;utility;1;0;0;Common;Draw 1 card.;/attached_assets/card_images/GENESIS/neutral/Non Elemental For Apps_Spell - Prize.webp;Fire and Water;GEN-094;;;"""2026-01-09T07:02:09.640Z""";"""2026-02-17T13:48:00.362Z""";["neutral"];GEN-094;draw;1;;player;;
95;golden-crates;Golden Crates;spell;neutral;utility;1;0;0;Uncommon;Draw 2 card.;/attached_assets/card_images/GENESIS/neutral/Non Elemental For Apps_Spell - Golden Crates.webp;Fire and Water;GEN-095;;;"""2026-01-09T07:02:09.687Z""";"""2026-02-17T13:48:00.409Z""";"[""neutral"",""neutral""]";GEN-095;draw;2;;player;;
96;crates;Crates;quickSpell;neutral;utility;1;0;0;Common;Draw 1 card.;/attached_assets/card_images/GENESIS/neutral/Non Elemental For Apps_Spell - Crates.webp;Fire and Water;GEN-096;;;"""2026-01-09T07:02:09.730Z""";"""2026-02-17T13:48:00.450Z""";"[""neutral"",""neutral""]";GEN-096;draw;1;;player;;
97;energy-dagger;Energy Dagger;equipment;neutral;equipment;1;0;0;Uncommon;"After this card casted, equip it into target Avatar. Target avatar get ability, +1 damage each time you pay extra energy when attacking opponent. Pay 1 to equip into another Avatar.";/attached_assets/card_images/GENESIS/neutral/Non Elemental For Apps_Equipment - Energy Dagger.webp;Fire and Water;GEN-097;;;"""2026-01-09T07:02:09.778Z""";"""2026-02-17T13:48:00.496Z""";"[""neutral"",""neutral"",""neutral""]";GEN-097;buff;1;;select_player_avatar;;
98;livin-dagger;Livin Dagger;equipment;neutral;equipment;1;0;0;Common;"After this card casted, equip it into target Kuhaka/Kujana Avatar. Equipped avatar get ability +1 damage when attacking opponent. And get 1 damage to itself each attack. Pay 1 to equip into another Avatar.";/attached_assets/card_images/GENESIS/neutral/Non Elemental For Apps_Equipment - Livin Dagger.webp;Fire and Water;GEN-098;;;"""2026-01-09T07:02:09.824Z""";"""2026-02-17T13:48:00.538Z""";"[""neutral"",""neutral""]";GEN-098;;;;;;
99;sacred-box;Sacred Box;equipment;neutral;equipment;1;0;0;Rare;"After this card casted, equip it into target Kobar/Borah Avatar. Equipped avatar get ability remove 1 battle damage each attack. Pay 1 to equip into another Avatar. You cant have more than 1 Sacred Box on field.";/attached_assets/card_images/GENESIS/neutral/Non Elemental For Apps_Equipment - Sacred Box.webp;Fire and Water;GEN-099;;;"""2026-01-09T07:02:09.872Z""";"""2026-02-17T13:48:00.585Z""";"[""neutral"",""neutral"",""neutral"",""neutral""]";GEN-099;;;;;;
100;haunted-stage;Haunted Stage;field;neutral;;1;0;0;Uncommon;Avatars with Kuhaka and Kujana type get +1 additional damage. Also the avatar get 1 damage counter after attacking.;/attached_assets/card_images/GENESIS/neutral/Non Elemental For Apps_Field Spell - Haunted Stage.webp;Fire and Water;GEN-100;;;"""2026-01-09T07:02:09.915Z""";"""2026-02-17T13:48:00.626Z""";"[""neutral"",""neutral"",""neutral"",""neutral""]";GEN-100;;;;;;
101;sanggar;Sanggar;field;neutral;;1;0;0;Uncommon;Avatars with Kobar or Borah type get +2 max HP. Reduce every attack from non Kobar and Borah type by one damage (aftermath);/attached_assets/card_images/GENESIS/neutral/Non Elemental For Apps_Field Spell - Sanggar.webp;Fire and Water;GEN-101;;;"""2026-01-09T07:02:09.963Z""";"""2026-02-17T13:48:00.672Z""";"[""neutral"",""neutral"",""neutral"",""neutral""]";GEN-101;;;;;;
;;;;;;;;;;;;;;;;;;;;;;;;;
;;;;;;;;;;;;;;;;;;;;;;;;;
;;;;;;;;;;;;;;;;;;;;;;;;;
;;;;;;;;;;;;;;;;;;;;;;;;;
;;;;;;;;;;;;;;;;;;;;;;;;;
;;;;;;;;;;;;;;;;;;;;;;;;;
;;;;;;;;;;;;;;;;;;;;;;;;;
;;;;;;;;;;;;;;;;;;;;;;;;;
;;;;;;;;;;;;;;;;;;;;;;;;;
;;;;;;;;;;;;;;;;;;;;;;;;;
;;;;;;;;;;;;;;;;;;;;;;;;;
;;;;;;;;;;;;;;;;;;;;;;;;;
;;;;;;;;;;;;;;;;;;;;;;;;;
;;;;;;;;;;;;;;;;;;;;;;;;;
;;;;;;;;;;;;;;;;;;;;;;;;;
;;;;;;;;;;;;;;;;;;;;;;;;;
;;;;;;;;;;;;;;;;;;;;;;;;;
;;;;;;;;;;;;;;;;;;;;;;;;;
;;;;;;;;;;;;;;;;;;;;;;;;;
;;;;;;;;;;;;;;;;;;;;;;;;;
;;;;;;;;;;;;;;;;;;;;;;;;;
;;;;;;;;;;;;;;;;;;;;;;;;;
;;;;;;;;;;;;;;;;;;;;;;;;;
;;;;;;;;;;;;;;;;;;;;;;;;;
;;;;;;;;;;;;;;;;;;;;;;;;;
;;;;;;;;;;;;;;;;;;;;;;;;;
;;;;;;;;;;;;;;;;;;;;;;;;;
;;;;;;;;;;;;;;;;;;;;;;;;;
;;;;;;;;;;;;;;;;;;;;;;;;;
;;;;;;;;;;;;;;;;;;;;;;;;;
;;;;;;;;;;;;;;;;;;;;;;;;;
;;;;;;;;;;;;;;;;;;;;;;;;;
;;;;;;;;;;;;;;;;;;;;;;;;;
;;;;;;;;;;;;;;;;;;;;;;;;;
;;;;;;;;;;;;;;;;;;;;;;;;;
;;;;;;;;;;;;;;;;;;;;;;;;;
;;;;;;;;;;;;;;;;;;;;;;;;;
;;;;;;;;;;;;;;;;;;;;;;;;;
;;;;;;;;;;;;;;;;;;;;;;;;;
;;;;;;;;;;;;;;;;;;;;;;;;;
;;;;;;;;;;;;;;;;;;;;;;;;;
;;;;;;;;;;;;;;;;;;;;;;;;;
;;;;;;;;;;;;;;;;;;;;;;;;;
;;;;;;;;;;;;;;;;;;;;;;;;;
;;;;;;;;;;;;;;;;;;;;;;;;;
;;;;;;;;;;;;;;;;;;;;;;;;;
;;;;;;;;;;;;;;;;;;;;;;;;;
;;;;;;;;;;;;;;;;;;;;;;;;;
;;;;;;;;;;;;;;;;;;;;;;;;;
;;;;;;;;;;;;;;;;;;;;;;;;;
;;;;;;;;;;;;;;;;;;;;;;;;;
;;;;;;;;;;;;;;;;;;;;;;;;;
;;;;;;;;;;;;;;;;;;;;;;;;;
;;;;;;;;;;;;;;;;;;;;;;;;;
;;;;;;;;;;;;;;;;;;;;;;;;;
;;;;;;;;;;;;;;;;;;;;;;;;;
;;;;;;;;;;;;;;;;;;;;;;;;;
;;;;;;;;;;;;;;;;;;;;;;;;;
;;;;;;;;;;;;;;;;;;;;;;;;;
;;;;;;;;;;;;;;;;;;;;;;;;;
;;;;;;;;;;;;;;;;;;;;;;;;;
;;;;;;;;;;;;;;;;;;;;;;;;;
;;;;;;;;;;;;;;;;;;;;;;;;;
;;;;;;;;;;;;;;;;;;;;;;;;;
;;;;;;;;;;;;;;;;;;;;;;;;;
;;;;;;;;;;;;;;;;;;;;;;;;;
;;;;;;;;;;;;;;;;;;;;;;;;;
;;;;;;;;;;;;;;;;;;;;;;;;;
;;;;;;;;;;;;;;;;;;;;;;;;;
;;;;;;;;;;;;;;;;;;;;;;;;;
;;;;;;;;;;;;;;;;;;;;;;;;;
;;;;;;;;;;;;;;;;;;;;;;;;;
;;;;;;;;;;;;;;;;;;;;;;;;;
;;;;;;;;;;;;;;;;;;;;;;;;;
;;;;;;;;;;;;;;;;;;;;;;;;;
;;;;;;;;;;;;;;;;;;;;;;;;;
;;;;;;;;;;;;;;;;;;;;;;;;;
;;;;;;;;;;;;;;;;;;;;;;;;;
;;;;;;;;;;;;;;;;;;;;;;;;;
;;;;;;;;;;;;;;;;;;;;;;;;;
;;;;;;;;;;;;;;;;;;;;;;;;;
;;;;;;;;;;;;;;;;;;;;;;;;;
;;;;;;;;;;;;;;;;;;;;;;;;;
;;;;;;;;;;;;;;;;;;;;;;;;;
;;;;;;;;;;;;;;;;;;;;;;;;;
;;;;;;;;;;;;;;;;;;;;;;;;;
;;;;;;;;;;;;;;;;;;;;;;;;;
;;;;;;;;;;;;;;;;;;;;;;;;;
;;;;;;;;;;;;;;;;;;;;;;;;;
;;;;;;;;;;;;;;;;;;;;;;;;;
;;;;;;;;;;;;;;;;;;;;;;;;;
;;;;;;;;;;;;;;;;;;;;;;;;;
;;;;;;;;;;;;;;;;;;;;;;;;;
;;;;;;;;;;;;;;;;;;;;;;;;;
;;;;;;;;;;;;;;;;;;;;;;;;;
;;;;;;;;;;;;;;;;;;;;;;;;;
;;;;;;;;;;;;;;;;;;;;;;;;;
;;;;;;;;;;;;;;;;;;;;;;;;;
;;;;;;;;;;;;;;;;;;;;;;;;;
;;;;;;;;;;;;;;;;;;;;;;;;;
;;;;;;;;;;;;;;;;;;;;;;;;;
;;;;;;;;;;;;;;;;;;;;;;;;;
;;;;;;;;;;;;;;;;;;;;;;;;;
;;;;;;;;;;;;;;;;;;;;;;;;;
;;;;;;;;;;;;;;;;;;;;;;;;;
;;;;;;;;;;;;;;;;;;;;;;;;;
;;;;;;;;;;;;;;;;;;;;;;;;;
;;;;;;;;;;;;;;;;;;;;;;;;;
;;;;;;;;;;;;;;;;;;;;;;;;;
;;;;;;;;;;;;;;;;;;;;;;;;;
;;;;;;;;;;;;;;;;;;;;;;;;;
;;;;;;;;;;;;;;;;;;;;;;;;;
;;;;;;;;;;;;;;;;;;;;;;;;;
;;;;;;;;;;;;;;;;;;;;;;;;;
;;;;;;;;;;;;;;;;;;;;;;;;;
;;;;;;;;;;;;;;;;;;;;;;;;;
;;;;;;;;;;;;;;;;;;;;;;;;;
;;;;;;;;;;;;;;;;;;;;;;;;;
;;;;;;;;;;;;;;;;;;;;;;;;;
;;;;;;;;;;;;;;;;;;;;;;;;;
;;;;;;;;;;;;;;;;;;;;;;;;;
;;;;;;;;;;;;;;;;;;;;;;;;;
;;;;;;;;;;;;;;;;;;;;;;;;;
;;;;;;;;;;;;;;;;;;;;;;;;;
;;;;;;;;;;;;;;;;;;;;;;;;;
;;;;;;;;;;;;;;;;;;;;;;;;;
;;;;;;;;;;;;;;;;;;;;;;;;;
;;;;;;;;;;;;;;;;;;;;;;;;;
;;;;;;;;;;;;;;;;;;;;;;;;;
;;;;;;;;;;;;;;;;;;;;;;;;;
;;;;;;;;;;;;;;;;;;;;;;;;;
;;;;;;;;;;;;;;;;;;;;;;;;;
;;;;;;;;;;;;;;;;;;;;;;;;;
;;;;;;;;;;;;;;;;;;;;;;;;;
;;;;;;;;;;;;;;;;;;;;;;;;;
;;;;;;;;;;;;;;;;;;;;;;;;;
;;;;;;;;;;;;;;;;;;;;;;;;;
;;;;;;;;;;;;;;;;;;;;;;;;;
;;;;;;;;;;;;;;;;;;;;;;;;;
;;;;;;;;;;;;;;;;;;;;;;;;;
;;;;;;;;;;;;;;;;;;;;;;;;;
;;;;;;;;;;;;;;;;;;;;;;;;;
;;;;;;;;;;;;;;;;;;;;;;;;;
;;;;;;;;;;;;;;;;;;;;;;;;;
;;;;;;;;;;;;;;;;;;;;;;;;;
;;;;;;;;;;;;;;;;;;;;;;;;;
;;;;;;;;;;;;;;;;;;;;;;;;;
;;;;;;;;;;;;;;;;;;;;;;;;;
;;;;;;;;;;;;;;;;;;;;;;;;;
;;;;;;;;;;;;;;;;;;;;;;;;;
;;;;;;;;;;;;;;;;;;;;;;;;;
;;;;;;;;;;;;;;;;;;;;;;;;;
;;;;;;;;;;;;;;;;;;;;;;;;;
;;;;;;;;;;;;;;;;;;;;;;;;;
;;;;;;;;;;;;;;;;;;;;;;;;;
;;;;;;;;;;;;;;;;;;;;;;;;;
;;;;;;;;;;;;;;;;;;;;;;;;;
;;;;;;;;;;;;;;;;;;;;;;;;;
;;;;;;;;;;;;;;;;;;;;;;;;;
;;;;;;;;;;;;;;;;;;;;;;;;;
;;;;;;;;;;;;;;;;;;;;;;;;;
;;;;;;;;;;;;;;;;;;;;;;;;;
;;;;;;;;;;;;;;;;;;;;;;;;;
;;;;;;;;;;;;;;;;;;;;;;;;;
;;;;;;;;;;;;;;;;;;;;;;;;;
;;;;;;;;;;;;;;;;;;;;;;;;;
;;;;;;;;;;;;;;;;;;;;;;;;;
;;;;;;;;;;;;;;;;;;;;;;;;;
;;;;;;;;;;;;;;;;;;;;;;;;;
;;;;;;;;;;;;;;;;;;;;;;;;;
;;;;;;;;;;;;;;;;;;;;;;;;;
;;;;;;;;;;;;;;;;;;;;;;;;;
;;;;;;;;;;;;;;;;;;;;;;;;;
;;;;;;;;;;;;;;;;;;;;;;;;;
;;;;;;;;;;;;;;;;;;;;;;;;;
;;;;;;;;;;;;;;;;;;;;;;;;;
;;;;;;;;;;;;;;;;;;;;;;;;;
;;;;;;;;;;;;;;;;;;;;;;;;;
;;;;;;;;;;;;;;;;;;;;;;;;;
;;;;;;;;;;;;;;;;;;;;;;;;;
;;;;;;;;;;;;;;;;;;;;;;;;;
;;;;;;;;;;;;;;;;;;;;;;;;;
;;;;;;;;;;;;;;;;;;;;;;;;;
;;;;;;;;;;;;;;;;;;;;;;;;;
;;;;;;;;;;;;;;;;;;;;;;;;;
;;;;;;;;;;;;;;;;;;;;;;;;;
;;;;;;;;;;;;;;;;;;;;;;;;;
;;;;;;;;;;;;;;;;;;;;;;;;;
;;;;;;;;;;;;;;;;;;;;;;;;;
;;;;;;;;;;;;;;;;;;;;;;;;;
;;;;;;;;;;;;;;;;;;;;;;;;;
;;;;;;;;;;;;;;;;;;;;;;;;;
;;;;;;;;;;;;;;;;;;;;;;;;;
;;;;;;;;;;;;;;;;;;;;;;;;;
;;;;;;;;;;;;;;;;;;;;;;;;;
;;;;;;;;;;;;;;;;;;;;;;;;;
;;;;;;;;;;;;;;;;;;;;;;;;;
;;;;;;;;;;;;;;;;;;;;;;;;;
;;;;;;;;;;;;;;;;;;;;;;;;;
;;;;;;;;;;;;;;;;;;;;;;;;;
;;;;;;;;;;;;;;;;;;;;;;;;;
;;;;;;;;;;;;;;;;;;;;;;;;;
;;;;;;;;;;;;;;;;;;;;;;;;;
;;;;;;;;;;;;;;;;;;;;;;;;;
;;;;;;;;;;;;;;;;;;;;;;;;;
;;;;;;;;;;;;;;;;;;;;;;;;;
;;;;;;;;;;;;;;;;;;;;;;;;;
;;;;;;;;;;;;;;;;;;;;;;;;;
;;;;;;;;;;;;;;;;;;;;;;;;;
;;;;;;;;;;;;;;;;;;;;;;;;;
;;;;;;;;;;;;;;;;;;;;;;;;;
;;;;;;;;;;;;;;;;;;;;;;;;;
;;;;;;;;;;;;;;;;;;;;;;;;;
;;;;;;;;;;;;;;;;;;;;;;;;;
;;;;;;;;;;;;;;;;;;;;;;;;;
;;;;;;;;;;;;;;;;;;;;;;;;;
;;;;;;;;;;;;;;;;;;;;;;;;;
;;;;;;;;;;;;;;;;;;;;;;;;;
;;;;;;;;;;;;;;;;;;;;;;;;;
;;;;;;;;;;;;;;;;;;;;;;;;;
;;;;;;;;;;;;;;;;;;;;;;;;;
;;;;;;;;;;;;;;;;;;;;;;;;;
;;;;;;;;;;;;;;;;;;;;;;;;;
;;;;;;;;;;;;;;;;;;;;;;;;;
;;;;;;;;;;;;;;;;;;;;;;;;;
;;;;;;;;;;;;;;;;;;;;;;;;;
;;;;;;;;;;;;;;;;;;;;;;;;;
;;;;;;;;;;;;;;;;;;;;;;;;;
;;;;;;;;;;;;;;;;;;;;;;;;;
;;;;;;;;;;;;;;;;;;;;;;;;;
;;;;;;;;;;;;;;;;;;;;;;;;;
;;;;;;;;;;;;;;;;;;;;;;;;;
;;;;;;;;;;;;;;;;;;;;;;;;;
;;;;;;;;;;;;;;;;;;;;;;;;;
;;;;;;;;;;;;;;;;;;;;;;;;;
;;;;;;;;;;;;;;;;;;;;;;;;;
;;;;;;;;;;;;;;;;;;;;;;;;;
;;;;;;;;;;;;;;;;;;;;;;;;;
;;;;;;;;;;;;;;;;;;;;;;;;;
;;;;;;;;;;;;;;;;;;;;;;;;;
;;;;;;;;;;;;;;;;;;;;;;;;;
;;;;;;;;;;;;;;;;;;;;;;;;;
;;;;;;;;;;;;;;;;;;;;;;;;;
;;;;;;;;;;;;;;;;;;;;;;;;;
;;;;;;;;;;;;;;;;;;;;;;;;;
;;;;;;;;;;;;;;;;;;;;;;;;;
;;;;;;;;;;;;;;;;;;;;;;;;;
;;;;;;;;;;;;;;;;;;;;;;;;;
;;;;;;;;;;;;;;;;;;;;;;;;;
;;;;;;;;;;;;;;;;;;;;;;;;;
;;;;;;;;;;;;;;;;;;;;;;;;;
;;;;;;;;;;;;;;;;;;;;;;;;;
;;;;;;;;;;;;;;;;;;;;;;;;;
;;;;;;;;;;;;;;;;;;;;;;;;;
;;;;;;;;;;;;;;;;;;;;;;;;;
;;;;;;;;;;;;;;;;;;;;;;;;;
;;;;;;;;;;;;;;;;;;;;;;;;;
;;;;;;;;;;;;;;;;;;;;;;;;;
;;;;;;;;;;;;;;;;;;;;;;;;;
;;;;;;;;;;;;;;;;;;;;;;;;;
;;;;;;;;;;;;;;;;;;;;;;;;;
;;;;;;;;;;;;;;;;;;;;;;;;;
;;;;;;;;;;;;;;;;;;;;;;;;;
;;;;;;;;;;;;;;;;;;;;;;;;;
;;;;;;;;;;;;;;;;;;;;;;;;;
;;;;;;;;;;;;;;;;;;;;;;;;;
;;;;;;;;;;;;;;;;;;;;;;;;;
;;;;;;;;;;;;;;;;;;;;;;;;;
;;;;;;;;;;;;;;;;;;;;;;;;;
;;;;;;;;;;;;;;;;;;;;;;;;;
;;;;;;;;;;;;;;;;;;;;;;;;;
;;;;;;;;;;;;;;;;;;;;;;;;;
;;;;;;;;;;;;;;;;;;;;;;;;;
;;;;;;;;;;;;;;;;;;;;;;;;;
;;;;;;;;;;;;;;;;;;;;;;;;;
;;;;;;;;;;;;;;;;;;;;;;;;;
;;;;;;;;;;;;;;;;;;;;;;;;;
;;;;;;;;;;;;;;;;;;;;;;;;;
;;;;;;;;;;;;;;;;;;;;;;;;;
;;;;;;;;;;;;;;;;;;;;;;;;;
;;;;;;;;;;;;;;;;;;;;;;;;;
;;;;;;;;;;;;;;;;;;;;;;;;;
;;;;;;;;;;;;;;;;;;;;;;;;;
;;;;;;;;;;;;;;;;;;;;;;;;;
;;;;;;;;;;;;;;;;;;;;;;;;;
;;;;;;;;;;;;;;;;;;;;;;;;;
;;;;;;;;;;;;;;;;;;;;;;;;;
;;;;;;;;;;;;;;;;;;;;;;;;;
;;;;;;;;;;;;;;;;;;;;;;;;;
;;;;;;;;;;;;;;;;;;;;;;;;;
;;;;;;;;;;;;;;;;;;;;;;;;;
;;;;;;;;;;;;;;;;;;;;;;;;;
;;;;;;;;;;;;;;;;;;;;;;;;;
;;;;;;;;;;;;;;;;;;;;;;;;;
;;;;;;;;;;;;;;;;;;;;;;;;;
;;;;;;;;;;;;;;;;;;;;;;;;;
;;;;;;;;;;;;;;;;;;;;;;;;;
;;;;;;;;;;;;;;;;;;;;;;;;;
;;;;;;;;;;;;;;;;;;;;;;;;;
;;;;;;;;;;;;;;;;;;;;;;;;;
;;;;;;;;;;;;;;;;;;;;;;;;;
;;;;;;;;;;;;;;;;;;;;;;;;;
;;;;;;;;;;;;;;;;;;;;;;;;;
;;;;;;;;;;;;;;;;;;;;;;;;;
;;;;;;;;;;;;;;;;;;;;;;;;;
;;;;;;;;;;;;;;;;;;;;;;;;;
;;;;;;;;;;;;;;;;;;;;;;;;;
;;;;;;;;;;;;;;;;;;;;;;;;;
;;;;;;;;;;;;;;;;;;;;;;;;;
;;;;;;;;;;;;;;;;;;;;;;;;;
;;;;;;;;;;;;;;;;;;;;;;;;;
;;;;;;;;;;;;;;;;;;;;;;;;;
;;;;;;;;;;;;;;;;;;;;;;;;;
;;;;;;;;;;;;;;;;;;;;;;;;;
;;;;;;;;;;;;;;;;;;;;;;;;;
;;;;;;;;;;;;;;;;;;;;;;;;;
;;;;;;;;;;;;;;;;;;;;;;;;;
;;;;;;;;;;;;;;;;;;;;;;;;;
;;;;;;;;;;;;;;;;;;;;;;;;;
;;;;;;;;;;;;;;;;;;;;;;;;;
;;;;;;;;;;;;;;;;;;;;;;;;;
;;;;;;;;;;;;;;;;;;;;;;;;;
;;;;;;;;;;;;;;;;;;;;;;;;;
;;;;;;;;;;;;;;;;;;;;;;;;;
;;;;;;;;;;;;;;;;;;;;;;;;;
;;;;;;;;;;;;;;;;;;;;;;;;;
;;;;;;;;;;;;;;;;;;;;;;;;;
;;;;;;;;;;;;;;;;;;;;;;;;;
;;;;;;;;;;;;;;;;;;;;;;;;;
;;;;;;;;;;;;;;;;;;;;;;;;;
;;;;;;;;;;;;;;;;;;;;;;;;;
;;;;;;;;;;;;;;;;;;;;;;;;;
;;;;;;;;;;;;;;;;;;;;;;;;;
;;;;;;;;;;;;;;;;;;;;;;;;;
;;;;;;;;;;;;;;;;;;;;;;;;;
;;;;;;;;;;;;;;;;;;;;;;;;;
;;;;;;;;;;;;;;;;;;;;;;;;;
;;;;;;;;;;;;;;;;;;;;;;;;;
;;;;;;;;;;;;;;;;;;;;;;;;;
;;;;;;;;;;;;;;;;;;;;;;;;;
;;;;;;;;;;;;;;;;;;;;;;;;;
;;;;;;;;;;;;;;;;;;;;;;;;;
;;;;;;;;;;;;;;;;;;;;;;;;;
;;;;;;;;;;;;;;;;;;;;;;;;;
;;;;;;;;;;;;;;;;;;;;;;;;;
;;;;;;;;;;;;;;;;;;;;;;;;;
;;;;;;;;;;;;;;;;;;;;;;;;;
;;;;;;;;;;;;;;;;;;;;;;;;;
;;;;;;;;;;;;;;;;;;;;;;;;;
;;;;;;;;;;;;;;;;;;;;;;;;;
;;;;;;;;;;;;;;;;;;;;;;;;;
;;;;;;;;;;;;;;;;;;;;;;;;;
;;;;;;;;;;;;;;;;;;;;;;;;;
;;;;;;;;;;;;;;;;;;;;;;;;;
;;;;;;;;;;;;;;;;;;;;;;;;;
;;;;;;;;;;;;;;;;;;;;;;;;;
;;;;;;;;;;;;;;;;;;;;;;;;;
;;;;;;;;;;;;;;;;;;;;;;;;;
;;;;;;;;;;;;;;;;;;;;;;;;;
;;;;;;;;;;;;;;;;;;;;;;;;;
;;;;;;;;;;;;;;;;;;;;;;;;;
;;;;;;;;;;;;;;;;;;;;;;;;;
;;;;;;;;;;;;;;;;;;;;;;;;;
;;;;;;;;;;;;;;;;;;;;;;;;;
;;;;;;;;;;;;;;;;;;;;;;;;;
;;;;;;;;;;;;;;;;;;;;;;;;;
;;;;;;;;;;;;;;;;;;;;;;;;;
;;;;;;;;;;;;;;;;;;;;;;;;;
;;;;;;;;;;;;;;;;;;;;;;;;;
;;;;;;;;;;;;;;;;;;;;;;;;;
;;;;;;;;;;;;;;;;;;;;;;;;;
;;;;;;;;;;;;;;;;;;;;;;;;;
;;;;;;;;;;;;;;;;;;;;;;;;;
;;;;;;;;;;;;;;;;;;;;;;;;;
;;;;;;;;;;;;;;;;;;;;;;;;;
;;;;;;;;;;;;;;;;;;;;;;;;;
;;;;;;;;;;;;;;;;;;;;;;;;;
;;;;;;;;;;;;;;;;;;;;;;;;;
;;;;;;;;;;;;;;;;;;;;;;;;;
;;;;;;;;;;;;;;;;;;;;;;;;;
;;;;;;;;;;;;;;;;;;;;;;;;;
;;;;;;;;;;;;;;;;;;;;;;;;;
;;;;;;;;;;;;;;;;;;;;;;;;;
;;;;;;;;;;;;;;;;;;;;;;;;;
;;;;;;;;;;;;;;;;;;;;;;;;;
;;;;;;;;;;;;;;;;;;;;;;;;;
;;;;;;;;;;;;;;;;;;;;;;;;;
;;;;;;;;;;;;;;;;;;;;;;;;;
;;;;;;;;;;;;;;;;;;;;;;;;;
;;;;;;;;;;;;;;;;;;;;;;;;;
;;;;;;;;;;;;;;;;;;;;;;;;;
;;;;;;;;;;;;;;;;;;;;;;;;;
;;;;;;;;;;;;;;;;;;;;;;;;;
;;;;;;;;;;;;;;;;;;;;;;;;;
;;;;;;;;;;;;;;;;;;;;;;;;;
;;;;;;;;;;;;;;;;;;;;;;;;;
;;;;;;;;;;;;;;;;;;;;;;;;;
;;;;;;;;;;;;;;;;;;;;;;;;;
;;;;;;;;;;;;;;;;;;;;;;;;;
;;;;;;;;;;;;;;;;;;;;;;;;;
;;;;;;;;;;;;;;;;;;;;;;;;;
;;;;;;;;;;;;;;;;;;;;;;;;;
;;;;;;;;;;;;;;;;;;;;;;;;;
;;;;;;;;;;;;;;;;;;;;;;;;;
;;;;;;;;;;;;;;;;;;;;;;;;;
;;;;;;;;;;;;;;;;;;;;;;;;;
;;;;;;;;;;;;;;;;;;;;;;;;;
;;;;;;;;;;;;;;;;;;;;;;;;;
;;;;;;;;;;;;;;;;;;;;;;;;;
;;;;;;;;;;;;;;;;;;;;;;;;;
;;;;;;;;;;;;;;;;;;;;;;;;;
;;;;;;;;;;;;;;;;;;;;;;;;;
;;;;;;;;;;;;;;;;;;;;;;;;;
;;;;;;;;;;;;;;;;;;;;;;;;;
;;;;;;;;;;;;;;;;;;;;;;;;;
;;;;;;;;;;;;;;;;;;;;;;;;;
;;;;;;;;;;;;;;;;;;;;;;;;;
;;;;;;;;;;;;;;;;;;;;;;;;;
;;;;;;;;;;;;;;;;;;;;;;;;;
;;;;;;;;;;;;;;;;;;;;;;;;;
;;;;;;;;;;;;;;;;;;;;;;;;;
;;;;;;;;;;;;;;;;;;;;;;;;;
;;;;;;;;;;;;;;;;;;;;;;;;;
;;;;;;;;;;;;;;;;;;;;;;;;;
;;;;;;;;;;;;;;;;;;;;;;;;;
;;;;;;;;;;;;;;;;;;;;;;;;;
;;;;;;;;;;;;;;;;;;;;;;;;;
;;;;;;;;;;;;;;;;;;;;;;;;;
;;;;;;;;;;;;;;;;;;;;;;;;;
;;;;;;;;;;;;;;;;;;;;;;;;;
;;;;;;;;;;;;;;;;;;;;;;;;;
;;;;;;;;;;;;;;;;;;;;;;;;;
;;;;;;;;;;;;;;;;;;;;;;;;;
;;;;;;;;;;;;;;;;;;;;;;;;;
;;;;;;;;;;;;;;;;;;;;;;;;;
;;;;;;;;;;;;;;;;;;;;;;;;;
;;;;;;;;;;;;;;;;;;;;;;;;;
;;;;;;;;;;;;;;;;;;;;;;;;;
;;;;;;;;;;;;;;;;;;;;;;;;;
;;;;;;;;;;;;;;;;;;;;;;;;;
;;;;;;;;;;;;;;;;;;;;;;;;;
;;;;;;;;;;;;;;;;;;;;;;;;;
;;;;;;;;;;;;;;;;;;;;;;;;;
;;;;;;;;;;;;;;;;;;;;;;;;;
;;;;;;;;;;;;;;;;;;;;;;;;;
;;;;;;;;;;;;;;;;;;;;;;;;;
;;;;;;;;;;;;;;;;;;;;;;;;;
;;;;;;;;;;;;;;;;;;;;;;;;;
;;;;;;;;;;;;;;;;;;;;;;;;;
;;;;;;;;;;;;;;;;;;;;;;;;;
;;;;;;;;;;;;;;;;;;;;;;;;;
;;;;;;;;;;;;;;;;;;;;;;;;;
;;;;;;;;;;;;;;;;;;;;;;;;;
;;;;;;;;;;;;;;;;;;;;;;;;;
;;;;;;;;;;;;;;;;;;;;;;;;;
;;;;;;;;;;;;;;;;;;;;;;;;;
;;;;;;;;;;;;;;;;;;;;;;;;;
;;;;;;;;;;;;;;;;;;;;;;;;;
;;;;;;;;;;;;;;;;;;;;;;;;;
;;;;;;;;;;;;;;;;;;;;;;;;;
;;;;;;;;;;;;;;;;;;;;;;;;;
;;;;;;;;;;;;;;;;;;;;;;;;;
;;;;;;;;;;;;;;;;;;;;;;;;;
;;;;;;;;;;;;;;;;;;;;;;;;;
;;;;;;;;;;;;;;;;;;;;;;;;;
;;;;;;;;;;;;;;;;;;;;;;;;;
;;;;;;;;;;;;;;;;;;;;;;;;;
;;;;;;;;;;;;;;;;;;;;;;;;;
;;;;;;;;;;;;;;;;;;;;;;;;;
;;;;;;;;;;;;;;;;;;;;;;;;;
;;;;;;;;;;;;;;;;;;;;;;;;;
;;;;;;;;;;;;;;;;;;;;;;;;;
;;;;;;;;;;;;;;;;;;;;;;;;;
;;;;;;;;;;;;;;;;;;;;;;;;;
;;;;;;;;;;;;;;;;;;;;;;;;;
;;;;;;;;;;;;;;;;;;;;;;;;;
;;;;;;;;;;;;;;;;;;;;;;;;;
;;;;;;;;;;;;;;;;;;;;;;;;;
;;;;;;;;;;;;;;;;;;;;;;;;;
;;;;;;;;;;;;;;;;;;;;;;;;;
;;;;;;;;;;;;;;;;;;;;;;;;;
;;;;;;;;;;;;;;;;;;;;;;;;;
;;;;;;;;;;;;;;;;;;;;;;;;;
;;;;;;;;;;;;;;;;;;;;;;;;;
;;;;;;;;;;;;;;;;;;;;;;;;;
;;;;;;;;;;;;;;;;;;;;;;;;;
;;;;;;;;;;;;;;;;;;;;;;;;;
;;;;;;;;;;;;;;;;;;;;;;;;;
;;;;;;;;;;;;;;;;;;;;;;;;;
;;;;;;;;;;;;;;;;;;;;;;;;;
;;;;;;;;;;;;;;;;;;;;;;;;;
;;;;;;;;;;;;;;;;;;;;;;;;;
;;;;;;;;;;;;;;;;;;;;;;;;;
;;;;;;;;;;;;;;;;;;;;;;;;;
;;;;;;;;;;;;;;;;;;;;;;;;;
;;;;;;;;;;;;;;;;;;;;;;;;;
;;;;;;;;;;;;;;;;;;;;;;;;;
;;;;;;;;;;;;;;;;;;;;;;;;;
;;;;;;;;;;;;;;;;;;;;;;;;;
;;;;;;;;;;;;;;;;;;;;;;;;;
;;;;;;;;;;;;;;;;;;;;;;;;;
;;;;;;;;;;;;;;;;;;;;;;;;;
;;;;;;;;;;;;;;;;;;;;;;;;;
;;;;;;;;;;;;;;;;;;;;;;;;;
;;;;;;;;;;;;;;;;;;;;;;;;;
;;;;;;;;;;;;;;;;;;;;;;;;;
;;;;;;;;;;;;;;;;;;;;;;;;;
;;;;;;;;;;;;;;;;;;;;;;;;;
;;;;;;;;;;;;;;;;;;;;;;;;;
;;;;;;;;;;;;;;;;;;;;;;;;;
;;;;;;;;;;;;;;;;;;;;;;;;;
;;;;;;;;;;;;;;;;;;;;;;;;;
;;;;;;;;;;;;;;;;;;;;;;;;;
;;;;;;;;;;;;;;;;;;;;;;;;;
;;;;;;;;;;;;;;;;;;;;;;;;;
;;;;;;;;;;;;;;;;;;;;;;;;;
;;;;;;;;;;;;;;;;;;;;;;;;;
;;;;;;;;;;;;;;;;;;;;;;;;;
;;;;;;;;;;;;;;;;;;;;;;;;;
;;;;;;;;;;;;;;;;;;;;;;;;;
;;;;;;;;;;;;;;;;;;;;;;;;;
;;;;;;;;;;;;;;;;;;;;;;;;;
;;;;;;;;;;;;;;;;;;;;;;;;;
;;;;;;;;;;;;;;;;;;;;;;;;;
;;;;;;;;;;;;;;;;;;;;;;;;;
;;;;;;;;;;;;;;;;;;;;;;;;;
;;;;;;;;;;;;;;;;;;;;;;;;;
;;;;;;;;;;;;;;;;;;;;;;;;;
;;;;;;;;;;;;;;;;;;;;;;;;;
;;;;;;;;;;;;;;;;;;;;;;;;;
;;;;;;;;;;;;;;;;;;;;;;;;;
;;;;;;;;;;;;;;;;;;;;;;;;;
;;;;;;;;;;;;;;;;;;;;;;;;;
;;;;;;;;;;;;;;;;;;;;;;;;;
;;;;;;;;;;;;;;;;;;;;;;;;;
;;;;;;;;;;;;;;;;;;;;;;;;;
;;;;;;;;;;;;;;;;;;;;;;;;;
;;;;;;;;;;;;;;;;;;;;;;;;;
;;;;;;;;;;;;;;;;;;;;;;;;;
;;;;;;;;;;;;;;;;;;;;;;;;;
;;;;;;;;;;;;;;;;;;;;;;;;;
;;;;;;;;;;;;;;;;;;;;;;;;;
;;;;;;;;;;;;;;;;;;;;;;;;;
;;;;;;;;;;;;;;;;;;;;;;;;;
;;;;;;;;;;;;;;;;;;;;;;;;;
;;;;;;;;;;;;;;;;;;;;;;;;;
;;;;;;;;;;;;;;;;;;;;;;;;;
;;;;;;;;;;;;;;;;;;;;;;;;;
;;;;;;;;;;;;;;;;;;;;;;;;;
;;;;;;;;;;;;;;;;;;;;;;;;;
;;;;;;;;;;;;;;;;;;;;;;;;;
;;;;;;;;;;;;;;;;;;;;;;;;;
;;;;;;;;;;;;;;;;;;;;;;;;;
;;;;;;;;;;;;;;;;;;;;;;;;;
;;;;;;;;;;;;;;;;;;;;;;;;;
;;;;;;;;;;;;;;;;;;;;;;;;;
;;;;;;;;;;;;;;;;;;;;;;;;;
;;;;;;;;;;;;;;;;;;;;;;;;;
;;;;;;;;;;;;;;;;;;;;;;;;;
;;;;;;;;;;;;;;;;;;;;;;;;;
;;;;;;;;;;;;;;;;;;;;;;;;;
;;;;;;;;;;;;;;;;;;;;;;;;;
;;;;;;;;;;;;;;;;;;;;;;;;;
;;;;;;;;;;;;;;;;;;;;;;;;;
;;;;;;;;;;;;;;;;;;;;;;;;;
;;;;;;;;;;;;;;;;;;;;;;;;;
;;;;;;;;;;;;;;;;;;;;;;;;;
;;;;;;;;;;;;;;;;;;;;;;;;;
;;;;;;;;;;;;;;;;;;;;;;;;;
;;;;;;;;;;;;;;;;;;;;;;;;;
;;;;;;;;;;;;;;;;;;;;;;;;;
;;;;;;;;;;;;;;;;;;;;;;;;;
;;;;;;;;;;;;;;;;;;;;;;;;;
;;;;;;;;;;;;;;;;;;;;;;;;;
;;;;;;;;;;;;;;;;;;;;;;;;;
;;;;;;;;;;;;;;;;;;;;;;;;;
;;;;;;;;;;;;;;;;;;;;;;;;;
;;;;;;;;;;;;;;;;;;;;;;;;;
;;;;;;;;;;;;;;;;;;;;;;;;;
;;;;;;;;;;;;;;;;;;;;;;;;;
;;;;;;;;;;;;;;;;;;;;;;;;;
;;;;;;;;;;;;;;;;;;;;;;;;;
;;;;;;;;;;;;;;;;;;;;;;;;;
;;;;;;;;;;;;;;;;;;;;;;;;;
;;;;;;;;;;;;;;;;;;;;;;;;;
;;;;;;;;;;;;;;;;;;;;;;;;;
;;;;;;;;;;;;;;;;;;;;;;;;;
;;;;;;;;;;;;;;;;;;;;;;;;;
;;;;;;;;;;;;;;;;;;;;;;;;;
;;;;;;;;;;;;;;;;;;;;;;;;;
;;;;;;;;;;;;;;;;;;;;;;;;;
;;;;;;;;;;;;;;;;;;;;;;;;;
;;;;;;;;;;;;;;;;;;;;;;;;;
;;;;;;;;;;;;;;;;;;;;;;;;;
;;;;;;;;;;;;;;;;;;;;;;;;;
;;;;;;;;;;;;;;;;;;;;;;;;;
;;;;;;;;;;;;;;;;;;;;;;;;;
;;;;;;;;;;;;;;;;;;;;;;;;;
;;;;;;;;;;;;;;;;;;;;;;;;;
;;;;;;;;;;;;;;;;;;;;;;;;;
;;;;;;;;;;;;;;;;;;;;;;;;;
;;;;;;;;;;;;;;;;;;;;;;;;;
;;;;;;;;;;;;;;;;;;;;;;;;;
;;;;;;;;;;;;;;;;;;;;;;;;;
;;;;;;;;;;;;;;;;;;;;;;;;;
;;;;;;;;;;;;;;;;;;;;;;;;;
;;;;;;;;;;;;;;;;;;;;;;;;;
;;;;;;;;;;;;;;;;;;;;;;;;;
;;;;;;;;;;;;;;;;;;;;;;;;;
;;;;;;;;;;;;;;;;;;;;;;;;;
;;;;;;;;;;;;;;;;;;;;;;;;;
;;;;;;;;;;;;;;;;;;;;;;;;;
;;;;;;;;;;;;;;;;;;;;;;;;;
;;;;;;;;;;;;;;;;;;;;;;;;;
;;;;;;;;;;;;;;;;;;;;;;;;;
;;;;;;;;;;;;;;;;;;;;;;;;;
;;;;;;;;;;;;;;;;;;;;;;;;;
;;;;;;;;;;;;;;;;;;;;;;;;;
;;;;;;;;;;;;;;;;;;;;;;;;;
;;;;;;;;;;;;;;;;;;;;;;;;;
;;;;;;;;;;;;;;;;;;;;;;;;;
;;;;;;;;;;;;;;;;;;;;;;;;;
;;;;;;;;;;;;;;;;;;;;;;;;;
;;;;;;;;;;;;;;;;;;;;;;;;;
;;;;;;;;;;;;;;;;;;;;;;;;;
;;;;;;;;;;;;;;;;;;;;;;;;;
;;;;;;;;;;;;;;;;;;;;;;;;;
;;;;;;;;;;;;;;;;;;;;;;;;;
;;;;;;;;;;;;;;;;;;;;;;;;;
;;;;;;;;;;;;;;;;;;;;;;;;;
;;;;;;;;;;;;;;;;;;;;;;;;;
;;;;;;;;;;;;;;;;;;;;;;;;;
;;;;;;;;;;;;;;;;;;;;;;;;;
;;;;;;;;;;;;;;;;;;;;;;;;;
;;;;;;;;;;;;;;;;;;;;;;;;;
;;;;;;;;;;;;;;;;;;;;;;;;;
;;;;;;;;;;;;;;;;;;;;;;;;;
;;;;;;;;;;;;;;;;;;;;;;;;;
;;;;;;;;;;;;;;;;;;;;;;;;;
;;;;;;;;;;;;;;;;;;;;;;;;;
;;;;;;;;;;;;;;;;;;;;;;;;;
;;;;;;;;;;;;;;;;;;;;;;;;;
;;;;;;;;;;;;;;;;;;;;;;;;;
;;;;;;;;;;;;;;;;;;;;;;;;;
;;;;;;;;;;;;;;;;;;;;;;;;;
;;;;;;;;;;;;;;;;;;;;;;;;;
;;;;;;;;;;;;;;;;;;;;;;;;;
;;;;;;;;;;;;;;;;;;;;;;;;;
;;;;;;;;;;;;;;;;;;;;;;;;;
;;;;;;;;;;;;;;;;;;;;;;;;;
;;;;;;;;;;;;;;;;;;;;;;;;;
;;;;;;;;;;;;;;;;;;;;;;;;;
;;;;;;;;;;;;;;;;;;;;;;;;;
;;;;;;;;;;;;;;;;;;;;;;;;;
;;;;;;;;;;;;;;;;;;;;;;;;;
;;;;;;;;;;;;;;;;;;;;;;;;;
;;;;;;;;;;;;;;;;;;;;;;;;;
;;;;;;;;;;;;;;;;;;;;;;;;;
;;;;;;;;;;;;;;;;;;;;;;;;;
;;;;;;;;;;;;;;;;;;;;;;;;;
;;;;;;;;;;;;;;;;;;;;;;;;;
;;;;;;;;;;;;;;;;;;;;;;;;;
;;;;;;;;;;;;;;;;;;;;;;;;;
;;;;;;;;;;;;;;;;;;;;;;;;;
;;;;;;;;;;;;;;;;;;;;;;;;;
;;;;;;;;;;;;;;;;;;;;;;;;;
;;;;;;;;;;;;;;;;;;;;;;;;;
;;;;;;;;;;;;;;;;;;;;;;;;;
;;;;;;;;;;;;;;;;;;;;;;;;;
;;;;;;;;;;;;;;;;;;;;;;;;;
;;;;;;;;;;;;;;;;;;;;;;;;;
;;;;;;;;;;;;;;;;;;;;;;;;;
;;;;;;;;;;;;;;;;;;;;;;;;;
;;;;;;;;;;;;;;;;;;;;;;;;;
;;;;;;;;;;;;;;;;;;;;;;;;;
;;;;;;;;;;;;;;;;;;;;;;;;;
;;;;;;;;;;;;;;;;;;;;;;;;;
;;;;;;;;;;;;;;;;;;;;;;;;;
;;;;;;;;;;;;;;;;;;;;;;;;;
;;;;;;;;;;;;;;;;;;;;;;;;;
;;;;;;;;;;;;;;;;;;;;;;;;;
;;;;;;;;;;;;;;;;;;;;;;;;;
;;;;;;;;;;;;;;;;;;;;;;;;;
;;;;;;;;;;;;;;;;;;;;;;;;;
;;;;;;;;;;;;;;;;;;;;;;;;;
;;;;;;;;;;;;;;;;;;;;;;;;;
;;;;;;;;;;;;;;;;;;;;;;;;;
;;;;;;;;;;;;;;;;;;;;;;;;;
;;;;;;;;;;;;;;;;;;;;;;;;;
;;;;;;;;;;;;;;;;;;;;;;;;;
;;;;;;;;;;;;;;;;;;;;;;;;;
;;;;;;;;;;;;;;;;;;;;;;;;;
;;;;;;;;;;;;;;;;;;;;;;;;;
;;;;;;;;;;;;;;;;;;;;;;;;;
;;;;;;;;;;;;;;;;;;;;;;;;;
;;;;;;;;;;;;;;;;;;;;;;;;;
;;;;;;;;;;;;;;;;;;;;;;;;;
;;;;;;;;;;;;;;;;;;;;;;;;;
;;;;;;;;;;;;;;;;;;;;;;;;;
;;;;;;;;;;;;;;;;;;;;;;;;;
;;;;;;;;;;;;;;;;;;;;;;;;;
;;;;;;;;;;;;;;;;;;;;;;;;;
;;;;;;;;;;;;;;;;;;;;;;;;;
;;;;;;;;;;;;;;;;;;;;;;;;;
;;;;;;;;;;;;;;;;;;;;;;;;;
;;;;;;;;;;;;;;;;;;;;;;;;;
;;;;;;;;;;;;;;;;;;;;;;;;;
;;;;;;;;;;;;;;;;;;;;;;;;;
;;;;;;;;;;;;;;;;;;;;;;;;;
;;;;;;;;;;;;;;;;;;;;;;;;;
;;;;;;;;;;;;;;;;;;;;;;;;;
;;;;;;;;;;;;;;;;;;;;;;;;;
;;;;;;;;;;;;;;;;;;;;;;;;;
;;;;;;;;;;;;;;;;;;;;;;;;;
;;;;;;;;;;;;;;;;;;;;;;;;;
;;;;;;;;;;;;;;;;;;;;;;;;;
;;;;;;;;;;;;;;;;;;;;;;;;;
;;;;;;;;;;;;;;;;;;;;;;;;;
;;;;;;;;;;;;;;;;;;;;;;;;;
;;;;;;;;;;;;;;;;;;;;;;;;;
;;;;;;;;;;;;;;;;;;;;;;;;;
;;;;;;;;;;;;;;;;;;;;;;;;;
;;;;;;;;;;;;;;;;;;;;;;;;;
;;;;;;;;;;;;;;;;;;;;;;;;;
;;;;;;;;;;;;;;;;;;;;;;;;;
;;;;;;;;;;;;;;;;;;;;;;;;;
;;;;;;;;;;;;;;;;;;;;;;;;;
;;;;;;;;;;;;;;;;;;;;;;;;;
;;;;;;;;;;;;;;;;;;;;;;;;;
;;;;;;;;;;;;;;;;;;;;;;;;;
;;;;;;;;;;;;;;;;;;;;;;;;;
;;;;;;;;;;;;;;;;;;;;;;;;;
;;;;;;;;;;;;;;;;;;;;;;;;;
;;;;;;;;;;;;;;;;;;;;;;;;;
;;;;;;;;;;;;;;;;;;;;;;;;;
;;;;;;;;;;;;;;;;;;;;;;;;;
;;;;;;;;;;;;;;;;;;;;;;;;;
;;;;;;;;;;;;;;;;;;;;;;;;;
;;;;;;;;;;;;;;;;;;;;;;;;;
;;;;;;;;;;;;;;;;;;;;;;;;;
;;;;;;;;;;;;;;;;;;;;;;;;;
;;;;;;;;;;;;;;;;;;;;;;;;;
;;;;;;;;;;;;;;;;;;;;;;;;;
;;;;;;;;;;;;;;;;;;;;;;;;;
;;;;;;;;;;;;;;;;;;;;;;;;;
;;;;;;;;;;;;;;;;;;;;;;;;;
;;;;;;;;;;;;;;;;;;;;;;;;;
;;;;;;;;;;;;;;;;;;;;;;;;;
;;;;;;;;;;;;;;;;;;;;;;;;;
;;;;;;;;;;;;;;;;;;;;;;;;;
;;;;;;;;;;;;;;;;;;;;;;;;;
;;;;;;;;;;;;;;;;;;;;;;;;;
;;;;;;;;;;;;;;;;;;;;;;;;;
;;;;;;;;;;;;;;;;;;;;;;;;;
;;;;;;;;;;;;;;;;;;;;;;;;;
;;;;;;;;;;;;;;;;;;;;;;;;;
;;;;;;;;;;;;;;;;;;;;;;;;;
;;;;;;;;;;;;;;;;;;;;;;;;;
;;;;;;;;;;;;;;;;;;;;;;;;;
;;;;;;;;;;;;;;;;;;;;;;;;;
;;;;;;;;;;;;;;;;;;;;;;;;;
;;;;;;;;;;;;;;;;;;;;;;;;;
;;;;;;;;;;;;;;;;;;;;;;;;;
;;;;;;;;;;;;;;;;;;;;;;;;;
;;;;;;;;;;;;;;;;;;;;;;;;;
;;;;;;;;;;;;;;;;;;;;;;;;;
;;;;;;;;;;;;;;;;;;;;;;;;;
;;;;;;;;;;;;;;;;;;;;;;;;;
;;;;;;;;;;;;;;;;;;;;;;;;;
;;;;;;;;;;;;;;;;;;;;;;;;;
;;;;;;;;;;;;;;;;;;;;;;;;;
;;;;;;;;;;;;;;;;;;;;;;;;;
;;;;;;;;;;;;;;;;;;;;;;;;;
;;;;;;;;;;;;;;;;;;;;;;;;;
;;;;;;;;;;;;;;;;;;;;;;;;;
;;;;;;;;;;;;;;;;;;;;;;;;;
;;;;;;;;;;;;;;;;;;;;;;;;;
;;;;;;;;;;;;;;;;;;;;;;;;;
;;;;;;;;;;;;;;;;;;;;;;;;;
;;;;;;;;;;;;;;;;;;;;;;;;;
;;;;;;;;;;;;;;;;;;;;;;;;;
;;;;;;;;;;;;;;;;;;;;;;;;;
;;;;;;;;;;;;;;;;;;;;;;;;;
;;;;;;;;;;;;;;;;;;;;;;;;;
;;;;;;;;;;;;;;;;;;;;;;;;;
;;;;;;;;;;;;;;;;;;;;;;;;;
;;;;;;;;;;;;;;;;;;;;;;;;;
;;;;;;;;;;;;;;;;;;;;;;;;;
;;;;;;;;;;;;;;;;;;;;;;;;;
;;;;;;;;;;;;;;;;;;;;;;;;;
;;;;;;;;;;;;;;;;;;;;;;;;;
;;;;;;;;;;;;;;;;;;;;;;;;;
;;;;;;;;;;;;;;;;;;;;;;;;;
;;;;;;;;;;;;;;;;;;;;;;;;;
;;;;;;;;;;;;;;;;;;;;;;;;;
;;;;;;;;;;;;;;;;;;;;;;;;;
;;;;;;;;;;;;;;;;;;;;;;;;;
;;;;;;;;;;;;;;;;;;;;;;;;;
;;;;;;;;;;;;;;;;;;;;;;;;;
;;;;;;;;;;;;;;;;;;;;;;;;;
;;;;;;;;;;;;;;;;;;;;;;;;;
;;;;;;;;;;;;;;;;;;;;;;;;;
;;;;;;;;;;;;;;;;;;;;;;;;;
;;;;;;;;;;;;;;;;;;;;;;;;;
;;;;;;;;;;;;;;;;;;;;;;;;;
;;;;;;;;;;;;;;;;;;;;;;;;;
;;;;;;;;;;;;;;;;;;;;;;;;;
;;;;;;;;;;;;;;;;;;;;;;;;;
;;;;;;;;;;;;;;;;;;;;;;;;;
;;;;;;;;;;;;;;;;;;;;;;;;;
;;;;;;;;;;;;;;;;;;;;;;;;;
;;;;;;;;;;;;;;;;;;;;;;;;;
;;;;;;;;;;;;;;;;;;;;;;;;;
;;;;;;;;;;;;;;;;;;;;;;;;;
;;;;;;;;;;;;;;;;;;;;;;;;;
;;;;;;;;;;;;;;;;;;;;;;;;;
;;;;;;;;;;;;;;;;;;;;;;;;;
;;;;;;;;;;;;;;;;;;;;;;;;;
;;;;;;;;;;;;;;;;;;;;;;;;;
;;;;;;;;;;;;;;;;;;;;;;;;;
;;;;;;;;;;;;;;;;;;;;;;;;;
;;;;;;;;;;;;;;;;;;;;;;;;;
;;;;;;;;;;;;;;;;;;;;;;;;;
;;;;;;;;;;;;;;;;;;;;;;;;;
;;;;;;;;;;;;;;;;;;;;;;;;;
;;;;;;;;;;;;;;;;;;;;;;;;;
;;;;;;;;;;;;;;;;;;;;;;;;;
;;;;;;;;;;;;;;;;;;;;;;;;;
;;;;;;;;;;;;;;;;;;;;;;;;;
;;;;;;;;;;;;;;;;;;;;;;;;;
;;;;;;;;;;;;;;;;;;;;;;;;;
;;;;;;;;;;;;;;;;;;;;;;;;;
;;;;;;;;;;;;;;;;;;;;;;;;;
;;;;;;;;;;;;;;;;;;;;;;;;;
;;;;;;;;;;;;;;;;;;;;;;;;;
;;;;;;;;;;;;;;;;;;;;;;;;;
;;;;;;;;;;;;;;;;;;;;;;;;;
;;;;;;;;;;;;;;;;;;;;;;;;;
;;;;;;;;;;;;;;;;;;;;;;;;;
;;;;;;;;;;;;;;;;;;;;;;;;;
;;;;;;;;;;;;;;;;;;;;;;;;;
;;;;;;;;;;;;;;;;;;;;;;;;;
;;;;;;;;;;;;;;;;;;;;;;;;;
;;;;;;;;;;;;;;;;;;;;;;;;;
;;;;;;;;;;;;;;;;;;;;;;;;;
;;;;;;;;;;;;;;;;;;;;;;;;;
;;;;;;;;;;;;;;;;;;;;;;;;;
;;;;;;;;;;;;;;;;;;;;;;;;;
;;;;;;;;;;;;;;;;;;;;;;;;;
;;;;;;;;;;;;;;;;;;;;;;;;;
;;;;;;;;;;;;;;;;;;;;;;;;;
;;;;;;;;;;;;;;;;;;;;;;;;;
;;;;;;;;;;;;;;;;;;;;;;;;;
;;;;;;;;;;;;;;;;;;;;;;;;;
;;;;;;;;;;;;;;;;;;;;;;;;;
;;;;;;;;;;;;;;;;;;;;;;;;;
;;;;;;;;;;;;;;;;;;;;;;;;;
;;;;;;;;;;;;;;;;;;;;;;;;;
;;;;;;;;;;;;;;;;;;;;;;;;;
;;;;;;;;;;;;;;;;;;;;;;;;;
;;;;;;;;;;;;;;;;;;;;;;;;;
;;;;;;;;;;;;;;;;;;;;;;;;;
;;;;;;;;;;;;;;;;;;;;;;;;;
;;;;;;;;;;;;;;;;;;;;;;;;;
;;;;;;;;;;;;;;;;;;;;;;;;;
;;;;;;;;;;;;;;;;;;;;;;;;;
;;;;;;;;;;;;;;;;;;;;;;;;;
;;;;;;;;;;;;;;;;;;;;;;;;;
;;;;;;;;;;;;;;;;;;;;;;;;;
;;;;;;;;;;;;;;;;;;;;;;;;;
;;;;;;;;;;;;;;;;;;;;;;;;;
;;;;;;;;;;;;;;;;;;;;;;;;;
;;;;;;;;;;;;;;;;;;;;;;;;;
;;;;;;;;;;;;;;;;;;;;;;;;;
;;;;;;;;;;;;;;;;;;;;;;;;;
;;;;;;;;;;;;;;;;;;;;;;;;;
;;;;;;;;;;;;;;;;;;;;;;;;;
;;;;;;;;;;;;;;;;;;;;;;;;;
;;;;;;;;;;;;;;;;;;;;;;;;;
;;;;;;;;;;;;;;;;;;;;;;;;;
;;;;;;;;;;;;;;;;;;;;;;;;;
;;;;;;;;;;;;;;;;;;;;;;;;;
;;;;;;;;;;;;;;;;;;;;;;;;;
;;;;;;;;;;;;;;;;;;;;;;;;;
;;;;;;;;;;;;;;;;;;;;;;;;;
;;;;;;;;;;;;;;;;;;;;;;;;;
;;;;;;;;;;;;;;;;;;;;;;;;;
;;;;;;;;;;;;;;;;;;;;;;;;;
;;;;;;;;;;;;;;;;;;;;;;;;;
;;;;;;;;;;;;;;;;;;;;;;;;;
;;;;;;;;;;;;;;;;;;;;;;;;;
;;;;;;;;;;;;;;;;;;;;;;;;;
;;;;;;;;;;;;;;;;;;;;;;;;;
;;;;;;;;;;;;;;;;;;;;;;;;;
;;;;;;;;;;;;;;;;;;;;;;;;;
;;;;;;;;;;;;;;;;;;;;;;;;;
;;;;;;;;;;;;;;;;;;;;;;;;;
;;;;;;;;;;;;;;;;;;;;;;;;;
